主角,参演数量,删除番剧数量,剩余数量,生日,年龄,状态,照片,类型,数量统计,照片补充,视频总时长（秒数）,视频总时长（小时）,视频大小(字节),视频大小(GB),时长平均值,大小平均值,,,
竹内有紀,1,0,1,1995/2/12,31,,,,1,,7101.53,1:58:22,836730304,0.779265821,1:58:22,0.779265821,,,
舞原聖,1,0,1,1985/3/30,41,,,舞原圣,1,,0,0:00:00,0,0,0:00:00,0,,,
三岳ゆうな,1,0,1,1990/3/30,36,,,三岳优奈,1,,0,0:00:00,0,0,0:00:00,0,,,
小倉由菜,1,0,1,1998/11/5,27,,,小仓由菜,1,,0,0:00:00,0,0,0:00:00,0,,,
广濑里绪菜,1,0,1,1989/11/11,36,,,広瀬りおな,1,,0,0:00:00,0,0,0:00:00,0,,,
芦川夕子,2,0,2,1972/5/19,53,,,,1,,14006.97,3:53:27,3134266612,2.919013251,1:56:43,1.459506625,,,
伊東める,1,0,1,2000/10/10,25,,,伊东爱瑠,1,,7195.18,1:59:55,1517102857,1.412912139,1:59:55,1.412912139,,,
二条舞子,1,0,1,1967/10/17,58,,,,1,,7147.58,1:59:08,1521515415,1.417021654,1:59:08,1.417021654,,,
野上しおり,1,0,1,1988/6/18,37,,,,1,,0,0:00:00,0,0,0:00:00,0,,,
赤城みどり,1,0,1,1950/9/14,75,退役,,,1,,7010.88,1:56:51,1362084825,1.268540346,1:56:51,1.268540346,,,
天野萌絵,1,0,1,1998/1/1,28,,,,1,,7225.75,2:00:26,1459180439,1.358967683,2:00:26,1.358967683,,,
及川貴和子,1,0,1,1998/1/1,28,,,及川贵和子,1,,7225.75,2:00:26,1459180439,1.358967683,2:00:26,1.358967683,,,
月妃さら,3,1,2,2002/1/27,24,,,月妃沙罗,1,,16108.92,4:28:29,2628450377,2.447935172,2:14:14,1.223967586,,,
倉本雪音,1,0,1,1966/8/5,59,退役,,,1,,5061.86,1:24:22,596641862,0.555666035,1:24:22,0.555666035,,,
高松かおり,1,0,1,1968/5/20,57,,,,1,,5864.61,1:37:45,1434789400,1.336251758,1:37:45,1.336251758,,,
西村有紗,1,0,1,2000/3/6,26,,,,1,,5864.61,1:37:45,1434789400,1.336251758,1:37:45,1.336251758,,,
越智绫香,1,0,1,1978/10/20,47,,,越智綾香,1,,6443.54,1:47:24,752744320,0.701047778,1:47:24,0.701047778,,,
及川里香子,1,0,1,1968/10/18,57,,,,1,,5666.53,1:34:27,667509685,0.621666838,1:34:27,0.621666838,,,
美波咲良,2,0,2,1993/2/19,33,,,,1,,12716.47,3:31:56,1917270055,1.785596884,1:45:58,0.892798442,,,
立川杏子,1,0,1,1976/3/18,50,,无来源,,1,,6390.02,1:46:30,750880616,0.699312069,1:46:30,0.699312069,,,
鹤川牧子,2,0,2,1966/1/1,60,,,,1,,12648.42,3:30:48,1489053375,1.386789023,1:45:24,0.693394511,,,
根尾あかり,1,0,1,1998/11/19,27,,,根尾明里,1,,10581.5,2:56:22,1244461561,1.158995145,2:56:22,1.158995145,,,
羽賀ちとせ,1,0,1,1964/10/24,61,,,羽贺千岁,1,,6112.41,1:41:52,718963339,0.669586788,1:41:52,0.669586788,,,
一条綺美香,2,1,1,1964/4/11,62,,,,1,,7040.43,1:57:20,830741990,0.773688769,1:57:20,0.773688769,,,
伊織ひなの,1,0,1,2003/12/20,22,,,,1,,6037.17,1:40:37,1098651041,1.023198516,1:40:37,1.023198516,,,
若菜綾,1,0,1,1978/12/15,47,,,,1,,6500.17,1:48:20,765006668,0.71246798,1:48:20,0.71246798,,,
鈴蘭,1,0,1,1985/8/7,40,,,,1,,7219.2,2:00:19,1460172692,1.359891791,2:00:19,1.359891791,,,
大島未華子,2,0,2,1973/2/2,53,,,,1,,11456.39,3:10:56,1349524611,1.256842735,1:35:28,0.628421368,,,
目黒めぐみ,2,1,1,1990/6/11,35,,,目黑惠美,1,,7187.56,1:59:48,848643164,0.790360536,1:59:48,0.790360536,,,
弘田澄江,1,0,1,1969/12/30,56,,,,1,,5888.87,1:38:09,1271787630,1.18444453,1:38:09,1.18444453,,,
高島奈津美,1,0,1,1973/5/30,52,,,,1,,6116.75,1:41:57,718796222,0.669431148,1:41:57,0.669431148,,,
山濑美纪,1,0,1,1981/11/30,44,,,山瀬美紀,1,,8307.31,2:18:27,976056919,0.909023843,2:18:27,0.909023843,,,
野々花さわ,1,0,1,1998/1/1,28,,,无结果,1,,0,0:00:00,0,0,0:00:00,0,,,
紅月愛,1,0,1,1965/9/3,60,,无来源,,1,,7226.41,2:00:26,1572281551,1.464301302,2:00:26,1.464301302,,,
清水理紗,1,0,1,1994/2/17,32,,,,1,,7585.76,2:06:26,1430140377,1.331922018,2:06:26,1.331922018,,,
華月愛,2,1,1,1964/5/16,62,,,,1,,6512.25,1:48:32,1242453094,1.157124614,1:48:32,1.157124614,,,
上田ゆき乃,2,0,2,1964/7/14,61,,,,1,,15343.42,4:15:43,2368524782,2.205860598,2:07:52,1.102930299,,,
真矢あかり,1,0,1,1968/4/6,58,,,,1,,0,0:00:00,0,0,0:00:00,0,,,
麻生まり,1,0,1,1963/9/30,62,,,,1,,7251.05,2:00:51,1208090790,1.125122225,2:00:51,1.125122225,,,
斋藤帆夏,1,0,1,1999/11/1,26,,,斉藤帆夏,1,,0,0:00:00,0,0,0:00:00,0,,,
福山いろは,2,0,2,1972/3/14,54,,,,1,,14985.52,4:09:46,2310260605,2.151597855,2:04:53,1.075798927,,,
新宮かすみ,1,0,1,1978/9/27,47,,,,1,,6660.35,1:51:00,1183756519,1.102459169,1:51:00,1.102459169,,,
香椎佳穂,2,1,1,1997/3/25,29,,,香椎佳穂,1,,0,0:00:00,0,0,0:00:00,0,,,
今藤霧子,1,0,1,1983/12/27,42,,,今藤雾子,1,,0,0:00:00,0,0,0:00:00,0,,,
美園マリカ,1,0,1,1999/3/29,27,,,,1,,0,0:00:00,0,0,0:00:00,0,,,
藤岡奈月,2,0,2,1968/11/21,57,,,,1,,12755.48,3:32:35,1965345787,1.830370898,1:46:18,0.915185449,,,
伽藍メロ,1,0,1,1998/1/1,28,,,,1,,8911.1,2:28:31,1793691891,1.67050575,2:28:31,1.67050575,,,
阿万音遊珠,1,0,1,1998/1/1,28,,,,1,,8911.1,2:28:31,1793691891,1.67050575,2:28:31,1.67050575,,,
加美杏奈,1,0,1,1996/9/1,29,,,加藤桃香,1,,0,0:00:00,0,0,0:00:00,0,,,
波田野香代,1,0,1,1974/1/4,52,,,,1,,7388.37,2:03:08,1477734588,1.376247581,2:03:08,1.376247581,,,
深田結梨,1,0,1,1997/1/10,29,,,深田结梨,1,,0,0:00:00,0,0,0:00:00,0,,,
瀬田一花,1,0,1,1998/12/10,27,,,,1,,0,0:00:00,0,0,0:00:00,0,,,
瀬崎彩音,1,0,1,1989/1/13,37,,,,1,,0,0:00:00,0,0,0:00:00,0,,,
戸田美々香,1,0,1,1988/11/30,37,,,,1,,0,0:00:00,0,0,0:00:00,0,,,
愛沢あかり,1,0,1,1993/6/10,32,,,,1,,0,0:00:00,0,0,0:00:00,0,,,
並木杏梨 ,1,0,1,1995/3/8,31,,,,1,,0,0:00:00,0,0,0:00:00,0,,,
椿乃愛,1,0,1,1998/1/1,28,退役,,,1,,0,0:00:00,0,0,0:00:00,0,,,
大原あむ,1,0,1,2003/3/16,23,退役,,,1,,0,0:00:00,0,0,0:00:00,0,,,
澤乃かのか,1,0,1,1980/11/30,45,,,无结果,1,,6815.04,1:53:35,1171000306,1.09057902,1:53:35,1.09057902,,,
長原あきな,2,0,2,1975/6/22,50,,,,1,,13222.01,3:40:22,2057784262,1.916460937,1:50:11,0.958230468,,,
坂本優美子,1,0,1,1979/4/1,47,,,,1,,7939.53,2:12:20,2001331476,1.863885183,2:12:20,1.863885183,,,
松本いちか,4,3,1,1999/7/24,26,,,,1,,25552.06,7:05:52,4211460993,3.922228695,7:05:52,3.922228695,,,
西野絵美,1,0,1,1999/9/6,26,,,,1,,8608.03,2:23:28,1011852986,0.942361528,2:23:28,0.942361528,,,
柳みゆう,1,0,1,1997/9/14,28,,,柳美忧,1,,8421.31,2:20:21,989533591,0.921574972,2:20:21,0.921574972,,,
真田まゆみ,4,0,4,1972/9/19,53,,,,1,,26608.23,7:23:28,5490117065,5.11306996,1:50:52,1.27826749,,,
饭村真由美,1,0,1,1998/1/1,28,,,,1,,6836.64,1:53:57,802933471,0.747790067,1:53:57,0.747790067,,,
星野美咲,1,0,1,1977/5/2,49,,,,1,,7048.97,1:57:29,1360329323,1.266905407,1:57:29,1.266905407,,,
松ゆきの,3,2,1,1983/1/30,43,,,,1,,6985.92,1:56:26,1757153184,1.636476427,1:56:26,1.636476427,,,
西宫ゆめ,2,0,2,1996/11/4,29,,,西宫梦,1,,15684.67,4:21:25,1847955237,1.721042429,2:10:42,0.860521215,,,
志田小夏,3,0,3,1962/1/30,64,,,,1,,22547.65,6:15:48,5693861897,5.302822121,2:05:16,1.767607374,,,
天使もえ,1,0,1,1994/7/10,31,,,天使萌,1,,9200.09,2:33:20,1083526026,1.009112248,2:33:20,1.009112248,,,
佐山美紀,1,0,1,1955/12/14,70,退役,无来源,,1,,7239.94,2:00:40,1388431012,1.293077145,2:00:40,1.293077145,,,
相泽南,1,0,1,1996/6/14,29,,,相沢みなみ,1,,7025.02,1:57:05,826837205,0.770052155,1:57:05,0.770052155,,,
松下纱栄子,2,1,1,1990/9/30,35,,,松下纱荣子,1,,8034.76,2:13:55,946640321,0.881627501,2:13:55,0.881627501,,,
岬ななみ,1,0,1,1996/6/9,29,,,岬奈奈美,1,,7050.02,1:57:30,827769434,0.77092036,1:57:30,0.77092036,,,
藍川京子,1,0,1,1960/11/30,65,,,,1,,0,0:00:00,0,0,0:00:00,0,,,
空見依央梨,1,0,1,1984/11/16,41,,,前乃菜菜,1,,7025.45,1:57:05,1291322320,1.202637628,1:57:05,1.202637628,,,
永田莉雨,1,0,1,1991/3/10,35,,,,1,,0,0:00:00,0,0,0:00:00,0,,,
福本ひかり,1,0,1,1978/6/16,47,,,,1,,7679.54,2:08:00,1223229217,1.139220984,2:08:00,1.139220984,,,
三峰かずこ,1,0,1,1968/10/11,57,,,,1,,7040.31,1:57:20,829467287,0.772501609,1:57:20,0.772501609,,,
みなと羽琉,1,0,1,1996/6/9,29,,,港羽琉,1,,6446.65,1:47:27,1298053927,1.208906925,1:47:27,1.208906925,,,
小林里花子,1,0,1,1981/6/28,44,,,无结果,1,,7642.51,2:07:23,898196349,0.836510536,2:07:23,0.836510536,,,
橋本ありな,1,0,1,1996/12/15,29,,,桥本有菜,1,,9015.86,2:30:16,1786933115,1.664211149,2:30:16,1.664211149,,,
佐田茉莉子,1,0,1,1979/5/17,47,,,,1,,7407.07,2:03:27,871106544,0.811281189,2:03:27,0.811281189,,,
香椎花乃,1,0,1,1996/4/29,30,,,,1,,9080.15,2:31:20,1067921436,0.994579341,2:31:20,0.994579341,,,
柊木まりな,2,1,1,2000/11/11,25,,,,1,,15378.47,4:16:18,2473430751,2.303561895,4:16:18,2.303561895,,,
浜辺ももね,1,0,1,1998/1/1,28,退役,,,1,,7968.43,2:12:48,1603918805,1.493765791,2:12:48,1.493765791,,,
深月めい,1,0,1,1999/7/17,26,,,深月芽衣,1,,7968.43,2:12:48,1603918805,1.493765791,2:12:48,1.493765791,,,
市川愛茉,1,0,1,2001/7/14,24,,,,1,,7968.43,2:12:48,1603918805,1.493765791,2:12:48,1.493765791,,,
天音めあ,1,0,1,2001/4/23,25,,,,1,,7968.43,2:12:48,1603918805,1.493765791,2:12:48,1.493765791,,,
里中はづき,1,0,1,1979/11/15,46,,无来源,,1,,7405.1,2:03:25,868405188,0.808765355,2:03:25,0.808765355,,,
流川はる香,1,0,1,1992/4/8,34,,,流川春香,1,,8508.71,2:21:49,1543791821,1.437768173,2:21:49,1.437768173,,,
上坂めい,2,1,1,2002/4/20,24,,,,1,,7586.19,2:06:26,890438198,0.829285195,2:06:26,0.829285195,,,
安藤もあ,1,0,1,1998/1/21,28,,,安藤望爱,1,,7586.19,2:06:26,890438198,0.829285195,2:06:26,0.829285195,,,
幾田まち,1,0,1,2001/4/28,25,,,,1,,7586.19,2:06:26,890438198,0.829285195,2:06:26,0.829285195,,,
爱花沙也,1,0,1,1989/7/5,36,,,,1,,7104.14,1:58:24,834843155,0.777508277,1:58:24,0.777508277,,,
星仲ここみ,1,0,1,1970/1/1,56,,,无结果,1,,7919.61,2:12:00,928789935,0.865003034,2:12:00,0.865003034,,,
水谷あおい,1,0,1,1993/5/22,32,,,水谷葵,1,,7919.61,2:12:00,928789935,0.865003034,2:12:00,0.865003034,,,
新名あみん,1,0,1,1997/12/25,28,,,新名爱明,1,,6937.95,1:55:38,819592077,0.763304603,1:55:38,0.763304603,,,
織田真子,6,1,5,1983/12/17,42,,,,1,,27607,7:40:07,3872025910,3.606105139,1:32:01,0.721221028,,,
彩奈リナ,2,1,1,1989/2/26,37,,,,1,,7145.13,1:59:05,2121286169,1.975601696,1:59:05,1.975601696,,,
市河明日菜,1,0,1,1985/11/20,40,,,,1,,7145.13,1:59:05,2121286169,1.975601696,1:59:05,1.975601696,,,
青井マリ,1,0,1,1968/1/1,58,,,,1,,7133.7,1:58:54,839621176,0.781958155,1:58:54,0.781958155,,,
佐伯かのん,1,0,1,1979/9/10,46,,,,1,,7465.39,2:04:25,878398331,0.818072195,2:04:25,0.818072195,,,
木村玲衣,1,0,1,1991/4/30,35,,,,1,,7392.05,2:03:12,1409988304,1.313153937,2:03:12,1.313153937,,,
水野朝陽,2,0,2,1990/11/12,35,,,,1,,18733.33,5:12:13,2368612820,2.20594259,2:36:07,1.102971295,,,
真島梓,1,0,1,1989/1/1,37,,,,1,,8890.69,2:28:11,1799041349,1.675487821,2:28:11,1.675487821,,,
竹田まい,1,0,1,1998/5/12,28,,,,1,,8890.69,2:28:11,1799041349,1.675487821,2:28:11,1.675487821,,,
笠木いちか,1,0,1,1998/4/15,28,,,笠木一香,1,,8890.69,2:28:11,1799041349,1.675487821,2:28:11,1.675487821,,,
青山みるか,1,0,1,1998/1/1,28,,无来源,,1,,8890.69,2:28:11,1799041349,1.675487821,2:28:11,1.675487821,,,
長谷川あかね,1,0,1,1998/1/1,28,,,,1,,8890.69,2:28:11,1799041349,1.675487821,2:28:11,1.675487821,,,
比奈ひまり,1,0,1,1998/1/1,28,退役,,,1,,8890.69,2:28:11,1799041349,1.675487821,2:28:11,1.675487821,,,
松川令奈,1,0,1,2001/2/23,25,,,,1,,8301.97,2:18:22,976612857,0.9095416,2:18:22,0.9095416,,,
長瀬麻美,1,0,1,1992/6/6,33,,,,1,,7212.31,2:00:12,1279609044,1.191728789,2:00:12,1.191728789,,,
宫崎愛,1,0,1,1998/1/1,28,,,,1,,6441.8,1:47:22,761755705,0.709440284,1:47:22,0.709440284,,,
鏑木りか,1,0,1,1974/3/20,52,,无来源,,1,,7235.83,2:00:36,1389952224,1.294493884,2:00:36,1.294493884,,,
久保田早苗,1,0,1,1978/2/6,48,,无来源,,1,,7110.32,1:58:30,746646369,0.695368619,1:58:30,0.695368619,,,
水谷千奈,1,0,1,1985/4/11,41,,,,1,,7553.14,2:05:53,1365218710,1.271459004,2:05:53,1.271459004,,,
葉山るる,2,1,1,1998/1/1,28,,,叶山露露,1,,13665.56,3:47:46,2619483023,2.439583673,3:47:46,2.439583673,,,
篠宮千明,1,0,1,1975/1/4,51,,,,1,,7281.28,2:01:21,1507763361,1.404214055,2:01:21,1.404214055,,,
奥田咲,1,0,1,1992/6/15,33,,,,1,,7046.53,1:57:27,832924741,0.775721614,1:57:27,0.775721614,,,
星川さつき,1,0,1,1983/12/29,42,,,无结果,1,,7721.16,2:08:41,972241041,0.905470029,2:08:41,0.905470029,,,
真木今日子,3,1,2,1990/9/3,35,,,,1,,8338.28,2:18:58,1619817477,1.508572583,1:09:29,0.754286292,,,
花村まゆり,1,0,1,1985/1/16,41,,,,1,,5559.35,1:32:39,1059907193,0.987115496,1:32:39,0.987115496,,,
大谷翔子,1,0,1,1995/7/15,30,,,,1,,0,0:00:00,0,0,0:00:00,0,,,
徳島理子,2,1,1,1982/11/30,43,,,,1,,7530.02,2:05:30,885002218,0.824222544,2:05:30,0.824222544,,,
長澤史華,1,0,1,1975/8/27,50,,无来源,,1,,8215.96,2:16:56,1517711205,1.413478707,2:16:56,1.413478707,,,
吉崎きよか,1,0,1,1975/12/8,50,,,吉崎清香,1,,7497.43,2:04:57,880945112,0.82044407,2:04:57,0.82044407,,,
篠塚千尋,1,0,1,1981/7/29,44,,,无结果,1,,7435.1,2:03:55,875075353,0.814977431,2:03:55,0.814977431,,,
水沢のの,1,0,1,1993/9/6,32,,,水泽乃乃,1,,7163.26,1:59:23,843335711,0.785417586,1:59:23,0.785417586,,,
美園和花 ,1,0,1,1999/3/3,27,,,美园和花,1,,7330.88,2:02:11,1395348846,1.29951988,2:02:11,1.29951988,,,
茅野亜美,2,1,1,1999/3/7,27,,,,1,,14455.05,4:00:55,1698353780,1.581715215,4:00:55,1.581715215,,,
白石かんな,3,2,1,1999/9/30,26,,,白石环奈,1,,7045.01,1:57:25,828841834,0.771919111,1:57:25,0.771919111,,,
成田つむぎ,2,1,1,1997/5/5,29,,,成田䌷,1,,7045.01,1:57:25,828841834,0.771919111,1:57:25,0.771919111,,,
真白みのり,1,0,1,2001/1/17,25,,,真白美纪,1,,7045.01,1:57:25,828841834,0.771919111,1:57:25,0.771919111,,,
皆瀬あかり,1,0,1,2002/3/14,24,,,皆濑明里,1,,7045.01,1:57:25,828841834,0.771919111,1:57:25,0.771919111,,,
堀口小百合,3,0,3,1978/10/17,47,,,,1,,23280.24,6:28:00,4598337140,4.282535184,2:09:20,1.427511728,,,
杉田美奈,1,0,1,1991/4/17,35,,无来源,,1,,8008.68,2:13:29,1393814824,1.29809121,2:13:29,1.29809121,,,
君塚ひなた,1,0,1,1992/2/16,34,,,,1,,8351.7,2:19:12,1727245679,1.608622893,2:19:12,1.608622893,,,
橋本江梨子,1,0,1,1974/11/29,51,,无来源,,1,,6568.27,1:49:28,771639524,0.718645308,1:49:28,0.718645308,,,
坂井希,1,0,1,1976/7/17,49,退役,,,1,,8968.33,2:29:28,1054184474,0.981785798,2:29:28,0.981785798,,,
黒木奈美,1,0,1,1993/9/6,32,,,黑木奈美,1,,7030.06,1:57:10,1351661183,1.258832573,1:57:10,1.258832573,,,
船木ありさ,1,0,1,1978/7/22,47,,,,1,,7433.19,2:03:53,874911112,0.814824469,2:03:53,0.814824469,,,
ヴァレンタリッチ,1,0,1,1998/1/1,28,,,俄罗斯人,1,,8090.86,2:14:51,951272727,0.885941765,2:14:51,0.885941765,,,
立岡杏菜,5,0,5,1980/7/20,45,,,,1,,25866.5,7:11:07,4538324164,4.226643745,1:26:13,0.845328749,,,
夏希みなみ,2,2,0,1992/3/3,34,,,夏希南,1,,10094.21,2:48:14,1556427833,1.449536377,#DIV/0!,#DIV/0!,,,
青葉小夏,1,0,1,1961/9/11,64,,无来源,,1,,0,0:00:00,0,0,0:00:00,0,,,
川畑千代子,7,0,7,1955/6/4,70,退役,,,1,,44504.02,12:21:44,8374284333,7.799160046,1:45:58,1.114165721,,,
桐島かほり,1,0,1,1979/8/2,46,,,,1,,7913.15,2:11:53,928954478,0.865156276,2:11:53,0.865156276,,,
村上紗枝,1,0,1,1984/6/28,41,,,,1,,7641.34,2:07:21,900290807,0.838461152,2:07:21,0.838461152,,,
若槻めぐみ,2,0,2,1977/9/1,48,,,,1,,14891.76,4:08:12,2865665333,2.668858816,2:04:06,1.334429408,,,
大石紗季,4,0,4,1978/7/20,47,,,,1,,27915.73,7:45:16,4501193386,4.192063013,1:56:19,1.048015753,,,
海埜萤,1,0,1,1986/6/16,39,,,海埜ほたる,1,,7881.84,2:11:22,1435987338,1.337367425,2:11:22,1.337367425,,,
大石忍,1,0,1,1964/10/16,61,,,,1,,5550.41,1:32:30,1063646661,0.990598147,1:32:30,0.990598147,,,
金山ほの花,1,0,1,1974/5/4,52,,,,1,,5550.41,1:32:30,1063646661,0.990598147,1:32:30,0.990598147,,,
佐伯由美香,3,1,2,1984/12/7,41,,,,1,,14820.72,4:07:01,2237458965,2.083796044,2:03:30,1.041898022,,,
磐井玲子,3,0,3,1970/11/1,55,,,,1,,18688.63,5:11:29,3273611256,3.048788063,1:43:50,1.016262688,,,
白石芽衣子,1,0,1,1975/10/8,50,,无来源,,1,,8109.17,2:15:09,1444625179,1.345412041,2:15:09,1.345412041,,,
折原ゆかり,16,4,12,1975/6/26,50,在役,,,1,,78732.76,21:52:13,11752531630,10.94539802,1:49:21,0.912116501,,,
市川ななみ,1,0,1,1987/1/10,39,,,,1,,0,0:00:00,0,0,0:00:00,0,,,
乙爱丽丝,1,0,1,1993/12/19,32,,,乙 アリス,1,,0,0:00:00,0,0,0:00:00,0,,,
樱井麻美,1,0,1,1996/7/30,29,,,櫻井まみ,1,,0,0:00:00,0,0,0:00:00,0,,,
菜月ひかる,1,0,1,2002/8/19,23,,,菜月光,1,,0,0:00:00,0,0,0:00:00,0,,,
清巳れの,1,0,1,1999/2/25,27,,,,1,,8850.48,2:27:30,1678328577,1.563065291,2:27:30,1.563065291,,,
若宮はずき,4,1,3,1993/11/9,32,,,若宫本希,1,,24463.89,6:47:44,3301515770,3.074776167,2:15:55,1.024925389,,,
三枝木玲実,3,0,3,1974/5/2,52,,,,1,,21677.7,6:01:18,3837188487,3.573660261,2:00:26,1.191220087,,,
岡江みどり,2,0,2,1962/11/18,63,,,,1,,13260.2,3:41:00,2186641297,2.036468402,1:50:30,1.018234201,,,
橘史乃,1,0,1,1979/11/1,46,,,,1,,7106.53,1:58:27,978399743,0.911205768,1:58:27,0.911205768,,,
若月まりあ,3,3,0,1994/10/2,31,,,若月玛丽亚,1,,13211.42,3:40:11,3119456608,2.90522036,#DIV/0!,#DIV/0!,,,
沢井ありさ,1,0,1,1972/4/29,54,,,泽井亚里沙,1,,7281.55,2:01:22,856410167,0.797594122,2:01:22,0.797594122,,,
内原美智子,1,0,1,1957/2/16,69,,,,1,,5609.51,1:33:30,662279069,0.616795448,1:33:30,0.616795448,,,
真紀ナオミ,2,0,2,1997/12/31,28,,,,1,,6746.4,1:52:26,1359156871,1.265813476,0:56:13,0.632906738,,,
岸本藍花,3,0,3,1985/8/6,40,,,,1,,19810.44,5:30:10,3177671246,2.959436966,1:50:03,0.986478989,,,
花狩舞,1,0,1,1998/11/20,27,,,花狩まい,1,,8489.33,2:21:29,2203469550,2.052140934,2:21:29,2.052140934,,,
春谷美雨,1,0,1,1997/7/21,28,,,,1,,8202.18,2:16:42,1484739101,1.382771042,2:16:42,1.382771042,,,
ちゃんよた,1,0,1,1995/6/30,30,,,,1,,9148.58,2:32:29,1078830231,1.004738948,2:32:29,1.004738948,,,
重松芙美,1,0,1,1998/1/1,28,退役,,,1,,0,0:00:00,0,0,0:00:00,0,,,
田中円,1,0,1,1998/1/1,28,,,,1,,0,0:00:00,0,0,0:00:00,0,,,
木村七美,1,0,1,1998/1/1,28,,无来源,,1,,0,0:00:00,0,0,0:00:00,0,,,
常盤いち夏,1,0,1,1979/6/4,46,,,,1,,7282.95,2:01:23,856936144,0.798083976,2:01:23,0.798083976,,,
森幸乃,1,0,1,1962/10/8,63,,无来源,,1,,7436.43,2:03:56,1372837415,1.278554476,2:03:56,1.278554476,,,
水川かえで,1,0,1,1988/11/30,37,,,水川枫,1,,9742.81,2:42:23,1144532581,1.06592903,2:42:23,1.06592903,,,
凛音とうか,2,0,2,1990/10/23,35,,,凛音桃花,1,,10670.14,2:57:50,1254997026,1.168807061,1:28:55,0.584403531,,,
篁めい,1,0,1,1998/1/1,28,,,,1,,11996.33,3:19:56,2421249764,2.254964564,3:19:56,2.254964564,,,
山井すず,5,2,3,1997/8/10,28,,,,1,,24519.13,6:48:39,3867926215,3.602287001,2:16:13,1.200762334,,,
伊織涼子,7,0,7,1969/9/23,56,,,,1,,32155.63,8:55:56,3784278457,3.524383956,1:16:34,0.503483422,,,
沖宮那美,1,0,1,1990/6/8,35,,,,1,,7315.82,2:01:56,870708721,0.810910688,2:01:56,0.810910688,,,
寺田ここの,1,0,1,2000/3/14,26,,,,1,,0,0:00:00,0,0,0:00:00,0,,,
森沢かな,4,1,3,1992/5/9,34,,,,1,,19758.82,5:29:19,3030851366,2.822700297,1:49:46,0.940900099,,,
香山美樱(MARIA),1,0,1,1993/7/11,32,,,香山美桜,1,,10763.24,2:59:23,2157927394,2.009726496,2:59:23,2.009726496,,,
華井理恵,1,0,1,1998/1/1,28,,,,1,,9831.1,2:43:51,1158392740,1.078837309,2:43:51,1.078837309,,,
弥生美月,1,0,1,1998/12/7,27,,,弥生みづき,1,,7399.17,2:03:19,1488922139,1.3866668,2:03:19,1.3866668,,,
工藤ララ,1,1,0,2001/4/30,25,,,工藤拉拉,1,,0,0:00:00,0,0,#DIV/0!,#DIV/0!,,,
美丘さとみ,3,0,3,1993/12/23,32,,,美丘里美,1,,15418.86,4:16:59,3021837561,2.814305537,1:25:40,0.938101846,,,
加峰幸香,1,0,1,1974/9/30,51,,,,1,,7402.6,2:03:23,871901297,0.812021361,2:03:23,0.812021361,,,
葵つかさ,1,1,0,1990/8/14,35,,,葵司,1,,7040.93,1:57:21,828571410,0.771667259,#DIV/0!,#DIV/0!,,,
栗山さつき,2,0,2,1983/3/21,43,,,,1,,14215.73,3:56:56,2120293591,1.974677286,1:58:28,0.987338643,,,
広仲みなみ,2,1,1,2000/12/12,25,,,广仲美波,1,,0,0:00:00,0,0,0:00:00,0,,,
桃菜あこ,1,0,1,1992/12/5,33,,,,1,,0,0:00:00,0,0,0:00:00,0,,,
遠田恵未,5,0,5,1958/7/26,67,,,,1,,32278.06,8:57:58,6177390402,5.753143134,1:47:36,1.150628627,,,
成田かなこ,3,0,3,1969/10/24,56,,,无结果,1,,22147.71,6:09:08,3606660017,3.358963893,2:03:03,1.119654631,,,
卯水咲流,5,1,4,1985/12/25,40,,,,1,,36961.52,10:16:02,6074991769,5.657776975,2:34:00,1.414444244,,,
志田みずき,1,0,1,2002/11/30,23,,,志田美月,1,,7656.95,2:07:37,1941932012,1.808565121,2:07:37,1.808565121,,,
たかの愛,1,0,1,1970/6/15,55,,,,1,,7454.27,2:04:14,1614158319,1.503302081,2:04:14,1.503302081,,,
瀬尾礼子,6,0,6,1971/3/31,55,,,,1,,39938.22,11:05:38,5967588919,5.557750276,1:50:56,0.926291713,,,
美波沙耶,1,0,1,1999/10/12,26,,,,1,,7805.97,2:10:06,1573085938,1.465050446,2:10:06,1.465050446,,,
泉りおん,2,1,1,1998/7/27,27,,,泉理音,1,,5896.86,1:38:17,1487488749,1.385331851,1:38:17,1.385331851,,,
早乙女らぶ,1,0,1,1989/8/12,36,,,早乙女爱,1,,0,0:00:00,0,0,0:00:00,0,,,
美咲結衣,1,0,1,1989/11/24,36,,,,1,,0,0:00:00,0,0,0:00:00,0,,,
冬愛ことね,4,2,2,1997/10/14,28,,,冬爱琴音,1,,22634.14,6:17:14,4805384102,4.475362694,3:08:37,2.237681347,,,
横山夏希,2,1,1,1992/12/25,33,,,,1,,6170.91,1:42:51,1154337212,1.075060304,1:42:51,1.075060304,,,
森ほたる,1,0,1,1985/10/3,40,,,,1,,0,0:00:00,0,0,0:00:00,0,,,
石原礼香,2,0,2,1984/9/12,41,,,,1,,13165.71,3:39:26,2344308057,2.183307015,1:49:43,1.091653508,,,
冨安れおな,1,1,0,1995/3/28,31,,,冨安玲于奈,1,,7213.98,2:00:14,1252238887,1.166238344,#DIV/0!,#DIV/0!,,,
深田えいみ,3,1,2,1998/3/18,28,,,深田咏美,1,,14088.98,3:54:49,1654875942,1.541223323,1:57:24,0.770611661,,,
広瀬結香,3,0,3,1980/9/29,45,,,广濑结香,1,,15482.1,4:18:02,2495221913,2.323856496,1:26:01,0.774618832,,,
黒川一花,1,0,1,2001/2/27,25,,,,1,,0,0:00:00,0,0,0:00:00,0,,,
加山なつこ,4,0,4,1971/1/31,55,,,,1,,22539.74,6:15:40,3781710252,3.521992128,1:33:55,0.880498032,,,
愛瀬るか,2,0,2,1997/2/12,29,,,咲野乃花,1,,16544.1,4:35:44,2127892010,1.981753865,2:17:52,0.990876933,,,
新井優香 ,1,0,1,1994/10/15,31,退役,,新井優香 ,1,,7000.7,1:56:41,851513629,0.793033865,1:56:41,0.793033865,,,
赤川しおり,2,0,2,1972/4/3,54,,,赤川诗织,1,,14734.12,4:05:34,2249881394,2.095365332,2:02:47,1.047682666,,,
峰玲子,1,0,1,1989/12/27,36,,,,1,,0,0:00:00,0,0,0:00:00,0,,,
若菜れいか,9,0,9,1982/1/9,44,,,,1,,58643.75,16:17:24,11126503065,10.36236348,1:48:36,1.15137372,,,
坂下真希,4,0,4,1980/7/5,45,,,,1,,31652.79,8:47:33,6171942386,5.748069273,2:11:53,1.437017318,,,
八乃つばさ,5,3,2,1996/2/8,30,,,,1,,17760.97,4:56:01,3092938682,2.880523616,2:28:00,1.440261808,,,
桃瀬まゆ,1,0,1,1998/1/1,28,,,,1,,5789.29,1:36:29,1106383255,1.030399702,1:36:29,1.030399702,,,
新ありな,1,0,1,1996/12/15,29,,,桥本有菜,1,,6991.76,1:56:32,827811332,0.770959381,1:56:32,0.770959381,,,
翔田千里,30,5,25,1968/4/11,58,,,,1,,166739.81,46:19:00,28773791579,26.79768165,1:51:10,1.071907266,,,
夏八木彩月,6,0,6,1990/6/24,35,,,,1,,39213.93,10:53:34,4939539359,4.600304513,1:48:56,0.766717419,,,
倉木しおり,3,2,1,1995/9/10,30,,,仓木诗织,1,,7070.07,1:57:50,829950325,0.772951473,1:57:50,0.772951473,,,
東条蒼,2,1,1,1998/5/16,28,,,,1,,7070.07,1:57:50,829950325,0.772951473,1:57:50,0.772951473,,,
神代えりさ,2,0,2,1985/4/10,41,,无来源,,1,,7406.24,2:03:26,867390606,0.807820452,1:01:43,0.403910226,,,
雨依つばめ,1,0,1,1998/9/11,27,,,雨依燕,1,,7103.8,1:58:24,837378109,0.779869136,1:58:24,0.779869136,,,
七嶋舞,1,0,1,2000/9/2,25,,,,1,,11390.99,3:09:51,1338267421,1.24635866,3:09:51,1.24635866,,,
美澄玲衣,1,0,1,1998/6/29,27,,,,1,,7621.18,2:07:01,1321260674,1.230519893,2:07:01,1.230519893,,,
辻さくら,1,0,1,1998/11/2,27,,,辻樱,1,,7621.18,2:07:01,1321260674,1.230519893,2:07:01,1.230519893,,,
桜木美音,1,0,1,2002/5/15,24,,,樱木美音,1,,7621.18,2:07:01,1321260674,1.230519893,2:07:01,1.230519893,,,
羽月棗,1,0,1,1998/1/1,28,,,,1,,6569.6,1:49:30,1322244513,1.231436164,1:49:30,1.231436164,,,
円城ひとみ,2,2,0,1968/3/25,58,,,圆城瞳,1,,13514.51,3:45:15,3153777199,2.937183901,#DIV/0!,#DIV/0!,,,
月詠聖,1,0,1,1998/1/1,28,退役,,,1,,6569.6,1:49:30,1322244513,1.231436164,1:49:30,1.231436164,,,
一ノ瀬唯那,1,0,1,1998/1/1,28,,,无结果,1,,6569.6,1:49:30,1322244513,1.231436164,1:49:30,1.231436164,,,
望月ハナ,1,0,1,1998/1/1,28,,,,1,,6569.6,1:49:30,1322244513,1.231436164,1:49:30,1.231436164,,,
大島優香,3,2,1,1978/11/30,47,,,,1,,16388.54,4:33:09,2598222568,2.419783331,4:33:09,2.419783331,,,
愛弓りょう,1,0,1,1982/10/27,43,,,,1,,7418.84,2:03:39,1543144813,1.4371656,2:03:39,1.4371656,,,
藤沢麗央,7,0,7,1999/6/22,26,,,,1,,27856.41,7:44:16,5278921247,4.916378527,1:06:19,0.70233979,,,
峰田ななみ,2,0,2,1985/3/18,41,,,峰田奈奈美,1,,14391.25,3:59:51,2525178338,2.351755591,1:59:56,1.175877796,,,
あさみ潤,1,1,0,1996/1/8,30,,,,1,,5896.86,1:38:17,1487488749,1.385331851,#DIV/0!,#DIV/0!,,,
寺西薫,1,0,1,1985/4/27,41,,,,1,,5691.08,1:34:51,1086244018,1.011643576,1:34:51,1.011643576,,,
三枝由梨,2,0,2,1962/3/13,64,,,,1,,14453.7,4:00:54,2647758447,2.465917214,2:00:27,1.232958607,,,
与田貴美子,2,0,2,1977/7/6,48,,,,1,,11568.71,3:12:49,3013148308,2.80621304,1:36:24,1.40310652,,,
花柳里葎子,10,0,10,1980/7/13,45,,,,1,,59111.86,16:25:12,9205410638,8.573206736,1:38:31,0.857320674,,,
小野さち子,1,0,1,1974/5/18,52,退役,,无结果,1,,7292.55,2:01:33,1507841104,1.404286459,2:01:33,1.404286459,,,
真木さゆり,2,0,2,1967/9/8,58,退役,,,1,,14548.24,4:02:28,1714008072,1.596294411,2:01:14,0.798147205,,,
平岡里枝子,20,0,20,1974/2/22,52,在役,,,1,,147815.63,41:03:36,23625197971,22.0026802,2:03:11,1.10013401,,,
辰神麗子,2,1,1,1998/1/1,28,,,,1,,15007.67,4:10:08,3228631140,3.006897066,4:10:08,3.006897066,,,
秋元美織,8,0,8,1975/12/15,50,,,,1,,46993.43,13:03:13,7056849494,6.572203239,1:37:54,0.821525405,,,
涼花くるみ,3,1,2,1999/10/7,26,,,凉花久留美,1,,7968.43,2:12:48,1603918805,1.493765791,1:06:24,0.746882895,,,
川上ゆう,10,2,8,1982/3/3,44,,,,1,,65989.6,18:19:50,12096210976,11.26547435,2:17:29,1.408184294,,,
大浦真奈美,7,3,4,1997/4/9,29,,,,1,,37732.17,10:28:52,5554083507,5.172643351,2:37:13,1.293160838,,,
武田みなみ,2,1,1,1998/1/1,28,,,,1,,6240.03,1:44:00,732007726,0.68173532,1:44:00,0.68173532,,,
鈴村あいり,1,1,0,1993/9/24,32,,,铃村爱理,1,,12500.83,3:28:21,1469106906,1.368212426,#DIV/0!,#DIV/0!,,,
松木美々,2,1,1,1998/1/1,28,,,,1,,6240.03,1:44:00,732007726,0.68173532,1:44:00,0.68173532,,,
八掛うみ,1,0,1,2000/9/2,25,,,八掛海,1,,0,0:00:00,0,0,0:00:00,0,,,
月谷あかり,1,0,1,1998/1/1,28,退役,,,1,,8063.63,2:14:24,946630633,0.881618478,2:14:24,0.881618478,,,
広尾ゆき,1,0,1,1998/1/1,28,,,,1,,8063.63,2:14:24,946630633,0.881618478,2:14:24,0.881618478,,,
宮本ちえ,1,0,1,1998/1/1,28,,,,1,,8063.63,2:14:24,946630633,0.881618478,2:14:24,0.881618478,,,
吉高宁々,2,0,2,1995/12/1,30,,,吉高宁宁,1,,19824.97,5:30:25,2331679821,2.171546054,2:45:12,1.085773027,,,
北村敏世,5,1,4,1956/1/24,70,,,,1,,26201.63,7:16:42,4794496667,4.46522298,1:49:10,1.116305745,,,
須王亜紀,6,0,6,1971/5/23,54,,,,1,,37053.82,10:17:34,5649630734,5.261628641,1:42:56,0.876938107,,,
宫下昌代,2,0,2,1973/10/9,52,,,,1,,14424.99,4:00:25,1695401775,1.578965946,2:00:12,0.789482973,,,
坂井千晴,2,0,2,1991/7/30,34,,,,1,,8397.63,2:19:58,989680264,0.921711572,1:09:59,0.460855786,,,
あおいれな,4,2,2,1996/3/19,30,,,葵玲奈,1,,25887.24,7:11:27,3772317682,3.513244616,3:35:44,1.756622308,,,
岡村麻友子,2,0,2,1975/11/7,50,,,冈村麻友子,1,,14327.59,3:58:48,1684658217,1.568960228,1:59:24,0.784480114,,,
九井スナオ,1,0,1,2002/1/30,24,,,,1,,6197.19,1:43:17,1193571282,1.111599879,1:43:17,1.111599879,,,
竹内梨恵,9,2,7,1971/7/11,54,,,,1,,46939.16,13:02:19,8029329166,7.477895511,1:51:46,1.068270787,,,
弥生みづき,2,0,2,1998/12/7,27,,,弥生美月,1,,16613.43,4:36:53,2681661668,2.497492049,2:18:27,1.248746024,,,
星宫一花,2,1,1,1998/6/28,27,,,,1,,14112.03,3:55:12,1664679118,1.550353242,3:55:12,1.550353242,,,
平川琴菜,1,1,0,1998/1/1,28,,,,1,,10635.07,2:57:15,2132611153,1.98614891,#DIV/0!,#DIV/0!,,,
三ツ瀬佑美子,2,0,2,1975/9/30,50,,,,1,,14249.65,3:57:30,1678741656,1.563450001,1:58:45,0.781725001,,,
安野由美,11,0,11,1963/6/20,62,,,,1,,83667.71,23:14:28,15731861893,14.65143812,2:06:46,1.33194892,,,
佐久間英子,1,0,1,1967/7/18,58,,,,1,,5964.23,1:39:24,703189626,0.654896373,1:39:24,0.654896373,,,
綾瀬麻衣子,16,1,15,1972/8/19,53,退役,,,1,,107137.45,29:45:37,15732413540,14.65195188,1:59:02,0.976796792,,,
希島あいり,3,1,2,1988/12/24,37,,,希岛爱理,1,,21895.24,6:04:55,3253599281,3.030150459,3:02:28,1.51507523,,,
木下ひまり,3,1,2,1996/5/21,29,,,,1,,23232.18,6:27:12,4481965120,4.174155295,3:13:36,2.087077647,,,
松嶋保奈美,1,0,1,1973/6/30,52,,,,1,,5240.14,1:27:20,617349926,0.574951923,1:27:20,0.574951923,,,
中山琴葉,4,1,3,1996/12/12,29,,,,1,,15107.8,4:11:48,2412585191,2.246895052,1:23:56,0.748965017,,,
盛永いろは,3,0,3,1990/5/24,35,,,,1,,23131.98,6:25:32,3204741739,2.984648327,2:08:31,0.994882776,,,
伊東沙蘭,2,1,1,1979/8/18,46,,,伊东沙兰,1,,6684.25,1:51:24,791733919,0.737359672,1:51:24,0.737359672,,,
優木なお,1,0,1,1988/9/23,37,,,优木奈央,1,,6684.25,1:51:24,791733919,0.737359672,1:51:24,0.737359672,,,
久美木マリア,1,0,1,1993/2/24,33,,,柳美忧,1,,6684.25,1:51:24,791733919,0.737359672,1:51:24,0.737359672,,,
成宮いろは,4,0,4,1977/6/8,48,,,,1,,27796.42,7:43:16,4883952698,4.548535401,1:55:49,1.13713385,,,
水野優香,6,1,5,1971/1/14,55,,,,1,,36384.88,10:06:25,5798712379,5.400471742,2:01:17,1.080094348,,,
香川彩香,1,0,1,1978/9/15,47,,,无结果,1,,7680.04,2:08:00,901225291,0.839331458,2:08:00,0.839331458,,,
関根紘子,1,0,1,1967/3/31,59,,,,1,,7773.74,2:09:34,1959097989,1.824552183,2:09:34,1.824552183,,,
美らかのん,1,1,0,1996/4/3,30,,,,1,,7221.28,2:00:21,1447240356,1.347847614,#DIV/0!,#DIV/0!,,,
豊中アリス,1,1,0,1997/7/3,28,,,,1,,7221.28,2:00:21,1447240356,1.347847614,#DIV/0!,#DIV/0!,,,
山口みき,1,1,0,1997/2/10,29,,,,1,,7221.28,2:00:21,1447240356,1.347847614,#DIV/0!,#DIV/0!,,,
朱桜潮,1,0,1,1974/3/30,52,,,,1,,7078.67,1:57:59,1350627824,1.257870182,1:57:59,1.257870182,,,
根元あさみ,2,0,2,1975/9/17,50,,无来源,,1,,14695.85,4:04:56,2636406185,2.455344596,2:02:28,1.227672298,,,
雛形樹里,1,1,0,1969/11/15,56,,,,1,,7291.88,2:01:32,1675647153,1.560568021,#DIV/0!,#DIV/0!,,,
彩乃ゆかり,2,0,2,1982/12/26,43,,,,1,,14316.74,3:58:37,2885082278,2.686942255,1:59:18,1.343471128,,,
観菜月らみぃ,1,0,1,1998/1/1,28,,,,1,,6207.37,1:43:27,1247392248,1.16172456,1:43:27,1.16172456,,,
南畑颯花,2,0,2,2001/10/19,24,,,,1,,10012.71,2:46:53,2530398733,2.356617463,1:23:26,1.178308731,,,
美乃すずめ,1,1,0,1996/5/10,30,,,,1,,8964.96,2:29:25,1051395376,0.979188249,#DIV/0!,#DIV/0!,,,
夏川あゆみ,1,0,1,1990/3/30,36,,,夏川步美,1,,6210.04,1:43:30,729996666,0.679862374,1:43:30,0.679862374,,,
美原咲子,1,0,1,1969/1/16,57,,,,1,,5930.96,1:38:51,698369009,0.650406823,1:38:51,0.650406823,,,
小倉みきね,4,0,4,1986/11/2,39,,,,1,,22433.7,6:13:54,4245534984,3.953962572,1:33:28,0.988490643,,,
若槻いろは,2,0,2,1992/11/29,33,,,,1,,12817.2,3:33:37,2571806430,2.395181386,1:46:49,1.197590693,,,
倉田江里子,2,0,2,1965/2/12,61,,,,1,,14442.64,4:00:43,2871664790,2.674446246,2:00:21,1.337223123,,,
白木優子,36,2,34,1976/1/25,50,,,,1,,244614.23,67:56:54,40615314201,37.82595899,1:59:55,1.112528206,,,
滩ジュン,1,0,1,1998/1/1,28,,,,1,,7913.97,2:11:54,931652012,0.86766855,2:11:54,0.86766855,,,
相河沙季,8,0,8,1982/5/11,44,,,,1,,51972.64,14:26:13,8866439376,8.257515147,1:48:17,1.032189393,,,
岡西友美,9,0,9,1991/10/1,34,,,,1,,75526.67,20:58:47,14624603125,13.62022304,2:19:52,1.513358115,,,
乾りっか,1,0,1,1999/11/23,26,,,,1,,0,0:00:00,0,0,0:00:00,0,,,
松野蘭,1,0,1,1992/1/30,34,,,,1,,0,0:00:00,0,0,0:00:00,0,,,
上島美都子,4,1,3,1963/6/18,62,,,,1,,20865.2,5:47:45,4275367484,3.981746253,1:55:55,1.327248751,,,
水戸かな,13,3,10,1984/11/30,41,,,水户香奈,1,,87696.21,24:21:36,16115399504,15.00863536,2:26:10,1.500863536,,,
月見伊織,1,0,1,1995/8/29,30,,,月见伊织,1,,8472.22,2:21:12,1696601274,1.580083067,2:21:12,1.580083067,,,
若宮穂乃,1,0,1,1996/10/5,29,,,若宮穂乃,1,,8472.22,2:21:12,1696601274,1.580083067,2:21:12,1.580083067,,,
潮崎あやめ,1,0,1,1973/11/18,52,,,,1,,6120.02,1:42:00,718986117,0.669608002,1:42:00,0.669608002,,,
羽田つばさ,1,1,0,1993/1/19,33,,,羽田翼,1,,8154.51,2:15:55,960916311,0.894923053,#DIV/0!,#DIV/0!,,,
豊崎清香,9,0,9,1979/1/30,47,,,,1,,72079.16,20:01:19,12143013388,11.30906249,2:13:29,1.256562499,,,
葵千恵,1,0,1,1989/6/10,36,,,,1,,7134.03,1:58:54,841149387,0.783381413,1:58:54,0.783381413,,,
豊永映美,14,0,14,1976/12/3,49,,,,1,,93452.74,25:57:33,15784416911,14.7003838,1:51:15,1.050027414,,,
乙アリス,8,2,6,1993/12/19,32,,,,1,,38005.48,10:33:25,7409951631,6.901055231,1:45:34,1.150175872,,,
羽根透香,1,0,1,1965/10/3,60,,无来源,,1,,0,0:00:00,0,0,0:00:00,0,,,
本真ゆり,3,0,3,1993/1/28,33,,,本真友里,1,,14234.46,3:57:14,1669025264,1.554400906,1:19:05,0.518133635,,,
嶋崎かすみ,5,1,4,1967/9/9,58,,,,1,,20729.18,5:45:29,3657577165,3.406384182,1:26:22,0.851596046,,,
竹内夏希,2,1,1,1996/4/4,30,,,,1,,5425.69,1:30:26,637339027,0.593568224,1:30:26,0.593568224,,,
加賀美さら,3,0,3,2000/2/10,26,,,加贺美沙罗,1,,24041.2,6:40:41,5191666823,4.835116512,2:13:34,1.611705504,,,
織笠るみ,2,2,0,1989/6/3,36,,,织笠留美,1,,7016.12,1:56:56,827724029,0.770878074,#DIV/0!,#DIV/0!,,,
小野寺舞,1,1,0,2002/3/1,24,,,,1,,8364.04,2:19:24,1496425086,1.393654464,#DIV/0!,#DIV/0!,,,
深月ちぐさ,4,0,4,1975/10/29,50,,,,1,,27180.11,7:33:00,3605835894,3.358196368,1:53:15,0.839549092,,,
山口珠理,20,0,20,1967/7/3,58,退役,,,1,,128402.43,35:40:02,18983848699,17.68008685,1:47:00,0.884004342,,,
綾香あかね,6,0,6,1995/1/16,31,,,,1,,33682.2,9:21:22,6301004639,5.868267863,1:33:34,0.978044644,,,
八木あずさ,1,1,0,1973/12/29,52,退役,,,1,,6452.45,1:47:32,759958241,0.707766266,#DIV/0!,#DIV/0!,,,
我妻淳子,2,1,1,1965/2/22,61,,,,1,,7246.53,2:00:47,1463300297,1.3628046,2:00:47,1.3628046,,,
一場れいか,3,0,3,1976/6/30,49,,,一场玲香,1,,22463.3,6:14:23,3188512289,2.969533474,2:04:48,0.989844491,,,
宮沢ゆかり,1,1,0,1995/10/6,30,,,,1,,4307.53,1:11:48,873332877,0.813354624,#DIV/0!,#DIV/0!,,,
西島美里,1,0,1,1975/1/4,51,,无来源,肥胖||肉感,1,,6969.04,1:56:09,1354664996,1.261630092,1:56:09,1.261630092,,,
 峰田ななみ,1,0,1,1985/3/18,41,,,,1,,7079.94,1:58:00,1663894799,1.549622788,1:58:00,1.549622788,,,
希和みこと,1,0,1,1998/1/1,28,,,,1,,7079.94,1:58:00,1663894799,1.549622788,1:58:00,1.549622788,,,
里海ゆうひ,2,0,2,1965/7/17,60,,无来源,,1,,15721.23,4:22:01,2992061302,2.786574235,2:11:01,1.393287118,,,
愛内ゆき,1,0,1,1974/7/27,51,,,,1,,7763.36,2:09:23,911530146,0.848928602,2:09:23,0.848928602,,,
河南実里,2,1,1,1997/9/18,28,,,,1,,3045.27,0:50:45,522975536,0.487058923,0:50:45,0.487058923,,,
水城奈緒,2,1,1,1984/9/18,41,,,水城奈绪,1,,0,0:00:00,0,0,0:00:00,0,,,
黛ユイ,1,0,1,1992/2/22,34,,,,1,,0,0:00:00,0,0,0:00:00,0,,,
筱崎刨根,1,1,0,1998/1/1,28,,,无结果,1,,14102.02,3:55:02,1079869890,1.005707206,#DIV/0!,#DIV/0!,,,
工藤美紗,1,1,0,1989/2/22,37,,,,1,,10602.07,2:56:42,2137220543,1.990441739,#DIV/0!,#DIV/0!,,,
稲川なつめ,1,1,0,1991/6/4,34,,,,1,,10602.07,2:56:42,2137220543,1.990441739,#DIV/0!,#DIV/0!,,,
石原莉奈,1,1,0,1987/8/29,38,,,,1,,5786.68,1:36:27,683094956,0.636181753,#DIV/0!,#DIV/0!,,,
青葉優香,1,1,0,1991/7/15,34,,,,1,,5786.68,1:36:27,683094956,0.636181753,#DIV/0!,#DIV/0!,,,
今井栞菜,1,0,1,1991/11/17,34,,,,1,,6715.55,1:51:56,1308070283,1.218235384,1:51:56,1.218235384,,,
名取花恵,2,0,2,1949/9/15,76,退役,,无结果,1,,14334.95,3:58:55,2666447585,2.48332283,1:59:27,1.241661415,,,
愛乃零,3,0,3,1994/10/14,31,,,,1,,15490.28,4:18:10,3134938511,2.919639005,1:26:03,0.973213002,,,
澤村レイコ,39,24,15,1974/11/24,51,退役,,,1,,141266.12,39:14:26,21938993459,20.43227987,2:36:58,1.362151992,,,
永岡雅美,1,0,1,1969/1/20,57,,,,1,,6969.57,1:56:10,1759582574,1.638738973,1:56:10,1.638738973,,,
皆川るい,5,2,3,1997/2/25,29,,,,1,,29474.42,8:11:14,4835873584,4.503758237,2:43:45,1.501252746,,,
春原未来,5,1,4,1991/11/23,34,,,,1,,22905.44,6:21:45,3160562961,2.943503634,1:35:26,0.735875909,,,
葵百合香,6,1,5,1984/5/21,41,补充,,,1,,28598.1,7:56:38,3714115538,3.459039645,1:35:20,0.691807929,,,
小野寺真優,2,0,2,1985/6/30,40,,,,1,,12087.61,3:21:28,2347097541,2.185904925,1:40:44,1.092952462,,,
望月あやか,7,3,4,1995/11/30,30,,,,1,,24173.32,6:42:53,3777812776,3.518362321,1:40:43,0.87959058,,,
浜辺香奈子,3,0,3,1976/4/25,50,,,,1,,12522.48,3:28:42,2223672142,2.070956064,1:09:34,0.690318688,,,
夢乃美咲,2,2,0,1997/7/21,28,,,,1,,7633.16,2:07:13,1388815801,1.293435507,#DIV/0!,#DIV/0!,,,
喜多方涼,1,1,0,1992/12/4,33,,,,1,,7633.16,2:07:13,1388815801,1.293435507,#DIV/0!,#DIV/0!,,,
鈴木ちひろ,1,1,0,1995/8/10,30,,,,1,,7633.16,2:07:13,1388815801,1.293435507,#DIV/0!,#DIV/0!,,,
芽衣,2,0,2,1988/2/23,38,,,,1,,15252.17,4:14:12,2879711156,2.681940008,2:07:06,1.340970004,,,
黒田あかり,1,0,1,1974/3/20,52,,无来源,,1,,7236.37,2:00:36,1382925777,1.287949995,2:00:36,1.287949995,,,
小早川怜子,12,4,8,1982/11/17,43,,,,1,,71514.41,19:51:54,12209402473,11.37089215,2:28:59,1.421361518,,,
一条みお,2,0,2,1996/11/30,29,,,一条美绪,1,,7321.59,2:02:02,1219419673,1.135673069,1:01:01,0.567836535,,,
萌与茂名,1,0,1,1998/1/1,28,,无来源,,1,,0,0:00:00,0,0,0:00:00,0,,,
玉木くるみ,2,1,1,1996/4/22,30,,,,1,,15809.96,4:23:30,2570628839,2.394084669,4:23:30,2.394084669,,,
牧村柚希,1,0,1,1995/6/30,30,,,,1,,8399.92,2:20:00,1701116893,1.584288565,2:20:00,1.584288565,,,
後藤里香,1,0,1,1996/8/15,29,,,,1,,8399.92,2:20:00,1701116893,1.584288565,2:20:00,1.584288565,,,
富永舞,1,0,1,1998/1/1,28,,,,1,,8399.92,2:20:00,1701116893,1.584288565,2:20:00,1.584288565,,,
成瀬咲歩,1,0,1,1998/1/1,28,,,,1,,8399.92,2:20:00,1701116893,1.584288565,2:20:00,1.584288565,,,
森本つぐみ,1,0,1,1999/8/7,26,,,森本亚美,1,,8399.92,2:20:00,1701116893,1.584288565,2:20:00,1.584288565,,,
有栖るる,2,1,1,1998/11/30,27,,,有栖露露,1,,8399.92,2:20:00,1701116893,1.584288565,2:20:00,1.584288565,,,
高園ゆり子,4,0,4,1974/10/26,51,,,,1,,26586.51,7:23:07,4114676842,3.83209143,1:50:47,0.958022858,,,
石川芙美乃,8,0,8,1965/3/24,61,,,,1,,38338.26,10:38:58,7229830691,6.733304533,1:19:52,0.841663067,,,
吉瀬葵,2,0,2,1987/5/9,39,,,,1,,15705.2,4:21:45,1846512787,1.719699043,2:10:53,0.859849521,,,
七木弓香,1,0,1,1974/3/20,52,,无来源,,1,,6890.26,1:54:50,1338344895,1.246430813,1:54:50,1.246430813,,,
都月るいさ,6,0,6,1992/8/19,33,,,,1,,27987.8,7:46:28,4179316538,3.892291838,1:17:45,0.648715306,,,
夕季ちとせ,12,2,10,1991/10/10,34,,,,1,,77392.29,21:29:52,11398087125,10.61529585,2:08:59,1.061529585,,,
中山穂香,8,0,8,1968/6/30,57,,,,1,,55365.28,15:22:45,8418065508,7.839934442,1:55:21,0.979991805,,,
倖田李梨,4,1,3,1974/3/1,52,,,,1,,14126.18,3:55:26,2057281691,1.915992881,1:18:29,0.638664294,,,
神谷充希,2,1,1,1997/9/30,28,,,,1,,0,0:00:00,0,0,0:00:00,0,,,
桜井美由紀,2,0,2,1961/2/1,65,,,,1,,14198.2,3:56:38,2582927770,2.405538941,1:58:19,1.20276947,,,
推川ゆうり,2,1,1,1990/6/13,35,,,押川唯香,1,,7006.7,1:56:47,1184901640,1.103525646,1:56:47,1.103525646,,,
京野美沙,7,0,7,1970/11/13,55,,,,1,,41346.15,11:29:06,6271552190,5.840838132,1:38:27,0.834405447,,,
花撫あや,3,0,3,1981/8/5,44,,,,1,,22942.58,6:22:23,3828349147,3.565427984,2:07:28,1.188475995,,,
祈山愛,2,0,2,1993/7/24,32,,,,1,,7275.88,2:01:16,1374672899,1.280263904,1:00:38,0.640131952,,,
 祈山愛,2,0,2,1993/7/24,32,,,,1,,7275.88,2:01:16,1374672899,1.280263904,1:00:38,0.640131952,,,
鈴河めぐみ,6,0,6,1975/9/19,50,,,,1,,24338.64,6:45:39,4663871147,4.343568484,1:07:36,0.723928081,,,
阿部栞菜,1,0,1,1985/7/17,40,,,,1,,8727.44,2:25:27,1373768110,1.279421253,2:25:27,1.279421253,,,
星雨理,1,0,1,1991/11/30,34,,,星あめり,1,,8727.44,2:25:27,1373768110,1.279421253,2:25:27,1.279421253,,,
浅见濑奈,1,0,1,1994/10/14,31,,,,1,,8727.44,2:25:27,1373768110,1.279421253,2:25:27,1.279421253,,,
大田真希,1,0,1,1964/1/18,62,,,,1,,7040.34,1:57:20,829452741,0.772488062,1:57:20,0.772488062,,,
宍戸里帆,1,1,0,2001/10/14,24,,,,1,,8061.66,2:14:22,947880094,0.88278213,#DIV/0!,#DIV/0!,,,
塩見彩,5,0,5,1995/5/30,30,,,,1,,39133.01,10:52:13,7830630543,7.292842998,2:10:27,1.4585686,,,
高梨有紗,2,0,2,2000/4/28,26,,,,1,,5240.14,1:27:20,617349926,0.574951923,0:43:40,0.287475961,,,
汐河佳奈,3,0,3,1977/6/1,48,,,,1,,20723.85,5:45:24,3865509822,3.60003656,1:55:08,1.200012187,,,
蘭華,4,0,4,1996/6/2,29,,,,1,,31014.81,8:36:55,6030421406,5.61626759,2:09:14,1.404066897,,,
林愛華,5,0,5,1970/5/25,55,,,,1,,33193.06,9:13:13,4605742228,4.28943171,1:50:39,0.857886342,,,
加藤ツバキ,6,1,5,1983/4/23,43,,,,1,,29666.73,8:14:27,5691137821,5.300285128,1:38:53,1.060057026,,,
北川久美子,1,0,1,1977/11/30,48,,,,1,,7444.73,2:04:05,920358260,0.857150424,2:04:05,0.857150424,,,
和泉亮子,2,0,2,1976/7/22,49,,,,1,,12616.3,3:30:16,2413635496,2.247873224,1:45:08,1.123936612,,,
田所百合,12,0,12,1981/4/23,45,,,,1,,84674.34,23:31:14,15687564590,14.61018304,1:57:36,1.217515254,,,
天河れい,1,0,1,1998/1/1,28,,,,1,,8005.27,2:13:25,1563356111,1.455988838,2:13:25,1.455988838,,,
森下美緒,4,1,3,1976/2/16,50,,,,1,,20317.58,5:38:38,3192071951,2.972848668,1:52:53,0.990949556,,,
結城るみな,1,1,0,1995/4/25,31,,,结城瑠美奈,1,,8001.51,2:13:22,1861926699,1.734054367,#DIV/0!,#DIV/0!,,,
岡江凛,8,0,8,1985/2/8,41,,,,1,,52482.92,14:34:43,6712992780,6.251961719,1:49:20,0.781495215,,,
川菜美鈴,2,0,2,1993/6/10,32,,,,1,,14363.17,3:59:23,2889136114,2.690717684,1:59:42,1.345358842,,,
姫川礼子,6,0,6,1974/7/18,51,,,,1,,35028.7,9:43:49,5966080374,5.556345334,1:37:18,0.926057556,,,
工藤りおな,7,0,7,1982/2/8,44,,,,1,,43597.11,12:06:37,7863563419,7.323514129,1:43:48,1.046216304,,,
月野ゆりね,17,0,17,1973/1/24,53,,,,1,,119647.93,33:14:08,22253274973,20.72497734,1:57:18,1.219116314,,,
春菜はな,4,1,3,1988/11/8,37,,,,1,,20879.52,5:48:00,3081707609,2.870063865,1:56:00,0.956687955,,,
槐モナ,2,0,2,1998/1/1,28,,,,1,,13804.24,3:50:04,2782893671,2.591771699,1:55:02,1.295885849,,,
神乃いずみ,1,1,0,1968/12/19,57,退役,,,1,,7381.76,2:03:02,1349508573,1.256827799,#DIV/0!,#DIV/0!,,,
宮下まどか,1,0,1,1985/9/24,40,,无来源,,1,,0,0:00:00,0,0,0:00:00,0,,,
伊東紅蘭,1,0,1,1994/11/1,31,,,,1,,10151.53,2:49:12,1195670932,1.113555331,2:49:12,1.113555331,,,
七海ゆあ,4,4,0,1996/9/17,29,,,,1,,7965.42,2:12:45,943394708,0.878604788,#DIV/0!,#DIV/0!,,,
岬あずさ,9,4,5,1988/8/7,37,,,,1,,45277.39,12:34:37,7019255517,6.53719112,2:30:55,1.307438224,,,
美ノ辺さやか,2,0,2,1976/11/22,49,,,,1,,13413.3,3:43:33,1576539402,1.468266735,1:51:47,0.734133367,,,
東ふうか,11,0,11,1990/2/27,36,,无来源,,1,,74054.84,20:34:15,12789643457,11.91128367,1:52:12,1.08284397,,,
堀美也子,2,0,2,1968/5/6,58,,,,1,,14537.18,4:02:17,2918024551,2.717622138,2:01:09,1.358811069,,,
小日向まい,3,2,1,1986/9/30,39,,,小日向舞,1,,14068.75,3:54:29,3176987971,2.958800617,3:54:29,2.958800617,,,
美波こづえ,2,1,1,1998/10/13,27,,,,1,,6847.47,1:54:07,1729747615,1.610953002,1:54:07,1.610953002,,,
岬さくら,1,1,0,1993/12/2,32,,,岬樱,1,,7071.76,1:57:52,1353199849,1.260265567,#DIV/0!,#DIV/0!,,,
天河みなせ,1,0,1,1990/3/30,36,,,,1,,6847.47,1:54:07,1729747615,1.610953002,1:54:07,1.610953002,,,
桐山結羽,1,0,1,1996/7/18,29,,,,1,,6847.47,1:54:07,1729747615,1.610953002,1:54:07,1.610953002,,,
桐嶋くるみ,1,0,1,1998/1/1,28,,,,1,,6847.47,1:54:07,1729747615,1.610953002,1:54:07,1.610953002,,,
橘京花,1,0,1,1993/11/2,32,,,,1,,7380.42,2:03:00,1402963643,1.306611712,2:03:00,1.306611712,,,
紺野マリエ,1,0,1,1988/10/10,37,,,,1,,8572.51,2:22:53,1011544271,0.942074015,2:22:53,0.942074015,,,
七瀬未歩,4,0,4,1985/5/29,40,,无来源,,1,,28379.08,7:52:59,5319504489,4.954174616,1:58:15,1.238543654,,,
香澄麗子,1,0,1,1972/10/1,53,,,无结果,1,,6090.06,1:41:30,717182794,0.667928526,1:41:30,0.667928526,,,
水嶋百合子,1,0,1,1974/1/1,52,,,,1,,6090.06,1:41:30,717182794,0.667928526,1:41:30,0.667928526,,,
岩崎すみえ,1,0,1,1962/1/17,64,,,无结果,1,,7223.79,2:00:24,847364539,0.789169724,2:00:24,0.789169724,,,
星乃マミ,1,0,1,2000/10/30,25,,,巨乳||肥胖,1,,7354.08,2:02:34,1479096315,1.377515788,2:02:34,1.377515788,,,
柴崎みさと,2,1,1,1970/1/9,56,,,,1,,13655.96,3:47:36,1892526736,1.762552872,3:47:36,1.762552872,,,
蓮実クレア,2,1,1,1991/12/3,34,,,,1,,18622.81,5:10:23,1888694146,1.758983495,5:10:23,1.758983495,,,
百瀬あすか,4,1,3,2000/3/24,26,,,百濑明日香,1,,32245.58,8:57:26,4761329790,4.434333919,2:59:09,1.478111306,,,
结城莉乃,2,1,1,1999/4/30,27,,,,1,,6420.02,1:47:00,756434403,0.704484436,1:47:00,0.704484436,,,
田中ねね,1,0,1,1992/9/20,33,,,田中宁宁,1,,7179.25,1:59:39,1331295096,1.239865176,1:59:39,1.239865176,,,
入山やよい,2,0,2,1974/4/21,52,,,,1,,12614.48,3:30:14,1482174146,1.380382242,1:45:07,0.690191121,,,
枢木あおい,3,1,2,1998/3/20,28,,,枢木葵,1,,15644.81,4:20:45,1843028454,1.716454005,2:10:22,0.858227002,,,
桐島明日香,3,0,3,1974/6/29,51,,,,1,,7238.4,2:00:38,1543409866,1.43741245,0:40:13,0.479137483,,,
本谷さくら,3,0,3,1965/3/31,61,,,,1,,18410.71,5:06:51,3562335916,3.317683857,1:42:17,1.105894619,,,
小向美奈子,3,2,1,1985/5/27,40,,,,1,,23613.44,6:33:33,4125109762,3.841807844,6:33:33,3.841807844,,,
御子柴美花,3,0,3,1974/4/18,52,,,,1,,15011.07,4:10:11,1766222313,1.644922712,1:23:24,0.548307571,,,
神ユキ,1,0,1,1987/1/11,39,,,,1,,7164.4,1:59:24,1543499365,1.437495803,1:59:24,1.437495803,,,
直井瑞稀,1,0,1,1974/3/20,52,,无来源,,1,,7159.28,1:59:19,1373288912,1.278974965,1:59:19,1.278974965,,,
吹石れな,12,1,11,1980/6/7,45,,,,1,,70668,19:37:48,13162620506,12.25864562,1:47:04,1.114422329,,,
松乃りの,1,0,1,1998/1/1,28,,,,1,,6186.28,1:43:06,1173067031,1.092503808,1:43:06,1.092503808,,,
浜咲恵利,1,0,1,1991/10/11,34,,,浜咲惠利,1,,0,0:00:00,0,0,0:00:00,0,,,
碓氷紗也,1,0,1,1984/2/14,42,,,,1,,7215.77,2:00:16,1377348744,1.282755978,2:00:16,1.282755978,,,
日向ひかげ,1,0,1,2000/3/7,26,,,,1,,7220.3,2:00:20,1288858427,1.200342949,2:00:20,1.200342949,,,
宮川愛,1,0,1,1974/3/20,52,,无来源,,1,,7034.63,1:57:15,981766259,0.91434108,1:57:15,0.91434108,,,
吉祥さや,1,0,1,1952/10/15,73,退役,,无结果,1,,7263.7,2:01:04,1603443108,1.493322764,2:01:04,1.493322764,,,
杉岡恵美子,5,0,5,1973/11/1,52,,,,1,,26379.45,7:19:39,5696961876,5.305709202,1:27:56,1.06114184,,,
よしい美希,8,0,8,1978/6/30,47,,,,1,,61216.94,17:00:17,10282466096,9.576292798,2:07:32,1.1970366,,,
HITOMI,1,1,0,1993/2/3,33,,,瞳,1,,5579.65,1:33:00,656469313,0.611384691,#DIV/0!,#DIV/0!,,,
あやみ旬果,1,0,1,1993/8/15,32,,,彩美旬果,1,,7108.5,1:58:29,845795916,0.78770883,1:58:29,0.78770883,,,
初川みなみ,1,0,1,1995/1/19,31,,,初川南,1,,7105.94,1:58:26,1316947029,1.226502498,1:58:26,1.226502498,,,
大塚仁美,1,0,1,1982/9/15,43,,,,1,,7257.48,2:00:57,1795473630,1.672165124,2:00:57,1.672165124,,,
桐生珠帆,2,0,2,1983/11/2,42,,,,1,,6080.45,1:41:20,715651470,0.66650237,0:50:40,0.333251185,,,
佐久間楓,9,0,9,1981/4/30,45,,,,1,,63229.78,17:33:50,9906439730,9.226090955,1:57:06,1.025121217,,,
宮下華奈,4,0,4,1990/11/10,35,,,,1,,29291.52,8:08:12,4909580708,4.572403345,2:02:03,1.143100836,,,
水川潤,1,0,1,1993/2/12,33,,,水川润,1,,8464.25,2:21:04,1695836289,1.579370619,2:21:04,1.579370619,,,
辻めあり,1,0,1,1998/1/1,28,,,无结果,1,,8464.25,2:21:04,1695836289,1.579370619,2:21:04,1.579370619,,,
石川陽波,1,0,1,1997/12/18,28,,,,1,,8464.25,2:21:04,1695836289,1.579370619,2:21:04,1.579370619,,,
月見若葉,1,0,1,2000/9/15,25,,,月见若叶,1,,8464.25,2:21:04,1695836289,1.579370619,2:21:04,1.579370619,,,
高瀬智香,4,2,2,1980/10/2,45,,,,1,,20103.03,5:35:03,2763616040,2.573818006,2:47:32,1.286909003,,,
堀内美香,1,0,1,1995/2/28,31,,,,1,,7208.26,2:00:08,1559229724,1.452145841,2:00:08,1.452145841,,,
長尾さくら,1,1,0,1998/1/1,28,,,,1,,7174.51,1:59:35,843502191,0.785572632,#DIV/0!,#DIV/0!,,,
虹邑みなみ,2,0,2,1998/1/2,28,,,,1,,12462.52,3:27:43,2508781241,2.336484605,1:43:51,1.168242302,,,
加藤ももか,2,0,2,1996/3/12,30,,,加藤桃香,1,,8541.71,2:22:22,1006763303,0.937621391,1:11:11,0.468810696,,,
北条麻妃,11,2,9,1976/12/21,49,,,,1,,83212.01,23:06:52,14637601265,13.6323285,2:34:06,1.514703166,,,
菊川ケイト,1,0,1,1979/2/26,47,,无来源,,1,,0,0:00:00,0,0,0:00:00,0,,,
富士川あやめ,1,0,1,1974/11/30,51,,,,1,,6666.58,1:51:07,1295742473,1.206754216,1:51:07,1.206754216,,,
藤森里穂,1,0,1,1996/12/3,29,,,,1,,7181.03,1:59:41,1206551031,1.123688213,1:59:41,1.123688213,,,
櫻田杏奈,2,0,2,1980/7/12,45,,,,1,,6233.17,1:43:53,734112285,0.683695343,0:51:57,0.341847672,,,
池上冴子,1,0,1,1971/3/30,55,,,,1,,7464.19,2:04:24,877506378,0.817241499,2:04:24,0.817241499,,,
真田紗也子,2,1,1,1964/11/30,61,退役,,,1,,6717.85,1:51:58,794221678,0.739676578,1:51:58,0.739676578,,,
竹宮ちひろ,2,0,2,1970/7/24,55,,无来源,,1,,15106.81,4:11:47,2835526975,2.640790283,2:05:53,1.320395141,,,
奈良崎みづき,1,0,1,1979/10/16,46,,,,1,,8938.77,2:28:59,1053382928,0.981039301,2:28:59,0.981039301,,,
天野碧,1,0,1,2001/4/28,25,,,,1,,8182.42,2:16:22,2051980987,1.911056216,2:16:22,1.911056216,,,
桜庭洋子,1,1,0,1998/1/1,28,,,,1,,7001.84,1:56:42,584422133,0.544285526,#DIV/0!,#DIV/0!,,,
星野優衣香,1,1,0,1998/1/1,28,,,,1,,7001.84,1:56:42,584422133,0.544285526,#DIV/0!,#DIV/0!,,,
井上綾子,10,3,7,1969/11/9,56,在役,,,1,,64261.68,17:51:02,12363449457,11.51435958,2:33:00,1.644908511,,,
竹内麻耶,1,0,1,1983/11/30,42,退役,,,1,,6960.45,1:56:00,1801852391,1.678105808,1:56:00,1.678105808,,,
後藤明子,1,0,1,1973/5/11,53,,,,1,,8067.57,2:14:28,945063069,0.880158571,2:14:28,0.880158571,,,
片桐梓,1,0,1,1975/8/2,50,,无来源,,1,,8522.35,2:22:02,1953120724,1.818985421,2:22:02,1.818985421,,,
平守ほなみ,1,0,1,1977/5/26,48,,,,1,,0,0:00:00,0,0,0:00:00,0,,,
永瀬昭子,2,0,2,1961/11/11,64,,,,1,,14817.76,4:06:58,2840653421,2.645564658,2:03:29,1.322782329,,,
山元美弥子,2,1,1,1970/11/30,55,,,,1,,14640.08,4:04:00,3069055981,2.858281118,4:04:00,2.858281118,,,
一色桃子,29,3,26,1977/3/3,49,,,,1,,217552.54,60:25:53,36835376953,34.3056181,2:19:27,1.31944685,,,
時田こずえ,3,1,2,1967/6/30,58,,,,1,,14613.22,4:03:33,3264289636,3.040106628,2:01:47,1.520053314,,,
愛田るか,1,0,1,1971/12/13,54,,,,1,,7158.69,1:59:19,1298415244,1.209243428,1:59:19,1.209243428,,,
柊ゆうき,1,0,1,1997/5/21,28,,,柊悠希,1,,7237.07,2:00:37,1291717524,1.20300569,2:00:37,1.20300569,,,
有村のぞみ,5,3,2,1996/2/14,30,,,有村希,1,,31032.09,8:37:12,6262957957,5.832834129,4:18:36,2.916417065,,,
高濑智香,1,0,1,1980/10/2,45,,,高瀬智香,1,,0,0:00:00,0,0,0:00:00,0,,,
海埜ほたる,1,0,1,1986/6/16,39,,,,1,,7103,1:58:23,830884633,0.773821616,1:58:23,0.773821616,,,
西園寺美緒,12,0,12,1975/11/30,50,,,,1,,78428.99,21:47:09,14485801371,13.49095383,1:48:56,1.124246152,,,
広瀬なな実,1,0,1,1982/10/27,43,,,,1,,9909.43,2:45:09,1899935507,1.769452828,2:45:09,1.769452828,,,
波多野結衣,6,3,3,1988/5/24,37,,,,1,,27776.57,7:42:57,4159835554,3.874148758,2:34:19,1.291382919,,,
今浪優,1,0,1,1970/5/16,56,,,,1,,0,0:00:00,0,0,0:00:00,0,,,
美園ひとみ,1,0,1,1971/2/16,55,,,,1,,0,0:00:00,0,0,0:00:00,0,,,
花島瑞江,1,1,0,1969/4/5,57,,,花岛瑞江,1,,5372.8,1:29:33,761641073,0.709333525,#DIV/0!,#DIV/0!,,,
森川玉緒,1,0,1,2000/1/20,26,,,,1,,9477.18,2:37:57,1115594847,1.038978665,2:37:57,1.038978665,,,
如月夏希,2,1,1,1970/1/1,56,,,,1,,0,0:00:00,0,0,0:00:00,0,,,
有星あおり,1,0,1,1998/6/18,27,,,有星青理,1,,0,0:00:00,0,0,0:00:00,0,,,
咲田ラン,1,0,1,2000/4/2,26,,,咲田兰,1,,0,0:00:00,0,0,0:00:00,0,,,
篠原りこ,1,0,1,2001/8/17,24,,,篠原莉子,1,,0,0:00:00,0,0,0:00:00,0,,,
寺田心乃,1,1,0,1998/1/1,28,,,,1,,7730.2,2:08:50,908299525,0.845919852,#DIV/0!,#DIV/0!,,,
柳沢あき子,1,0,1,1974/11/17,51,,,,1,,7074.41,1:57:54,831132866,0.774052801,1:57:54,0.774052801,,,
杜原美奈子,1,0,1,1974/9/28,51,,无来源,,1,,0,0:00:00,0,0,0:00:00,0,,,
友田真希,21,5,16,1972/8/20,53,,,,1,,131492.57,36:31:33,21780573855,20.28474012,2:16:58,1.267796257,,,
桃井しずか,3,0,3,1979/9/30,46,,,无结果,1,,7594.46,2:06:34,1398218945,1.302192868,0:42:11,0.434064289,,,
町山淳子,1,0,1,1963/10/17,62,,,,1,,7277.1,2:01:17,1471238382,1.370197518,2:01:17,1.370197518,,,
赤井美希,4,0,4,1984/11/20,41,,,,1,,31339.78,8:42:20,4295936999,4.000903106,2:10:35,1.000225777,,,
小野りんか,1,0,1,,126,,,,1,,8791.23,2:26:31,1594252585,1.484763422,2:26:31,1.484763422,,,
沢口紫乃,5,0,5,1965/6/12,60,,无来源,,1,,30314.93,8:25:15,5750206118,5.355296766,1:41:03,1.071059353,,,
松沢ゆかり,2,1,1,1975/4/8,51,,,,1,,13723.28,3:48:43,2283358259,2.126543093,3:48:43,2.126543093,,,
菱田由紀乃,2,1,1,1973/9/7,52,,,,1,,16458.49,4:34:18,1938631924,1.805491675,4:34:18,1.805491675,,,
葉山さゆり,3,0,3,1990/11/23,35,,,,1,,14320.88,3:58:41,2715537846,2.529041698,1:19:34,0.843013899,,,
塚田詩織,2,0,2,1994/3/23,32,,,冢田诗织,1,,17539.98,4:52:20,4087914674,3.807167219,2:26:10,1.903583609,,,
菊園えつ子,1,0,1,1965/10/3,60,,无来源,,1,,7355.82,2:02:36,1369584718,1.275525166,2:02:36,1.275525166,,,
松本梨穂,1,0,1,1994/8/23,31,,,,1,,6985.55,1:56:26,822980146,0.766459988,1:56:26,0.766459988,,,
真白わかな,2,2,0,1993/10/26,32,,,,1,,8692.65,2:24:53,1022019673,0.951829993,#DIV/0!,#DIV/0!,,,
橋野愛琉,1,1,0,1993/12/4,32,,,,1,,8692.65,2:24:53,1022019673,0.951829993,#DIV/0!,#DIV/0!,,,
皇ゆず,2,1,1,1996/1/16,30,,,皇柚子,1,,16222.32,4:30:22,2503052463,2.331149264,4:30:22,2.331149264,,,
山瀬美紀,4,0,4,1981/11/30,44,,,,1,,26090.31,7:14:50,4286244496,3.991876259,1:48:43,0.997969065,,,
前乃菜々,1,1,0,1997/12/24,28,,,,1,,6875.56,1:54:36,1385266778,1.290130222,#DIV/0!,#DIV/0!,,,
大町なつみ,1,1,0,1980/5/1,46,退役,,,1,,0,0:00:00,0,0,#DIV/0!,#DIV/0!,,,
初美りん,1,0,1,1997/2/24,29,,,初美铃,1,,0,0:00:00,0,0,0:00:00,0,,,
水川かずは,1,0,1,1998/1/1,28,,,,1,,0,0:00:00,0,0,0:00:00,0,,,
織田真琴,1,0,1,1986/11/22,39,退役,,,1,,7252.01,2:00:52,852754144,0.794189185,2:00:52,0.794189185,,,
宮村ななこ,3,2,1,1998/1/10,28,,,,1,,15556.52,4:19:17,1830610755,1.704889121,4:19:17,1.704889121,,,
新村あかり,9,0,9,1994/7/7,31,,,,1,,59667.17,16:34:27,9354278618,8.711850846,1:50:30,0.967983427,,,
新井リマ,0,0,0,2000/10/3,25,,,新井里真,1,,0,0:00:00,0,0,#DIV/0!,#DIV/0!,,,
南乃そら,0,0,0,2001/7/14,24,,,南乃空,1,,0,0:00:00,0,0,#DIV/0!,#DIV/0!,,,
葉風ゆりあ,0,0,0,2002/3/30,24,,,叶风百合,1,,0,0:00:00,0,0,#DIV/0!,#DIV/0!,,,
藤みゆき,1,0,1,1998/1/1,28,,,,1,,8693.82,2:24:54,1752871733,1.632489015,2:24:54,1.632489015,,,
椿りか,1,0,1,1999/6/5,26,,,椿里香,1,,8693.82,2:24:54,1752871733,1.632489015,2:24:54,1.632489015,,,
高瀬りな,1,0,1,2000/7/14,25,,,高濑里奈,1,,8693.82,2:24:54,1752871733,1.632489015,2:24:54,1.632489015,,,
蒲生司紗,1,1,0,1998/1/1,28,,,,1,,8009.86,2:13:30,1430734915,1.332475725,#DIV/0!,#DIV/0!,,,
牧田翼,1,1,0,1998/1/1,28,,,,1,,8009.86,2:13:30,1430734915,1.332475725,#DIV/0!,#DIV/0!,,,
米内美和,1,1,0,1998/1/1,28,,,,1,,8009.86,2:13:30,1430734915,1.332475725,#DIV/0!,#DIV/0!,,,
今村由紀乃,1,1,0,1998/1/1,28,,,,1,,8009.86,2:13:30,1430734915,1.332475725,#DIV/0!,#DIV/0!,,,
横溝亮子,1,1,0,1998/1/1,28,,,,1,,8009.86,2:13:30,1430734915,1.332475725,#DIV/0!,#DIV/0!,,,
稲垣純菜,1,1,0,1998/1/1,28,退役,,,1,,8009.86,2:13:30,1430734915,1.332475725,#DIV/0!,#DIV/0!,,,
夏目藍果,1,0,1,2000/11/30,25,,,,1,,8693.82,2:24:54,1752871733,1.632489015,2:24:54,1.632489015,,,
香澄せな,1,0,1,1998/1/28,28,,,无结果,1,,7422.12,2:03:42,1495828480,1.393098831,2:03:42,1.393098831,,,
瀬川志穂,2,2,0,1957/8/17,68,退役,,,1,,7111.61,1:58:32,1346763495,1.254271246,#DIV/0!,#DIV/0!,,,
城美香,1,1,0,1947/5/15,79,退役,无来源,,1,,7111.61,1:58:32,1346763495,1.254271246,#DIV/0!,#DIV/0!,,,
美川朱鷺,1,1,0,1955/7/9,70,退役,,,1,,7111.61,1:58:32,1346763495,1.254271246,#DIV/0!,#DIV/0!,,,
林幸恵,1,1,0,1956/4/20,70,退役,,,1,,7111.61,1:58:32,1346763495,1.254271246,#DIV/0!,#DIV/0!,,,
杉本秀美,1,1,0,1956/1/4,70,退役,,,1,,7111.61,1:58:32,1346763495,1.254271246,#DIV/0!,#DIV/0!,,,
森ななこ,1,1,0,1985/8/1,40,退役,,森奈奈子,1,,7216.24,2:00:16,1167530432,1.087347448,#DIV/0!,#DIV/0!,,,
篠崎花音,1,0,1,1998/1/1,28,,,无结果,1,,7422.12,2:03:42,1495828480,1.393098831,2:03:42,1.393098831,,,
羽生アリサ,1,1,0,1986/10/12,39,,,羽生亚里沙,1,,7213.98,2:00:14,1252238887,1.166238344,#DIV/0!,#DIV/0!,,,
鈴木真夕,1,1,0,1994/3/16,32,,,,1,,7213.98,2:00:14,1252238887,1.166238344,#DIV/0!,#DIV/0!,,,
川原かなえ,1,1,0,1995/3/14,31,,,川原佳奈,1,,7213.98,2:00:14,1252238887,1.166238344,#DIV/0!,#DIV/0!,,,
辻井ほのか,1,1,0,1995/11/15,30,,,辻井穗乃果,1,,7213.98,2:00:14,1252238887,1.166238344,#DIV/0!,#DIV/0!,,,
椎葉みくる,1,1,0,1998/1/1,28,,,,1,,7213.98,2:00:14,1252238887,1.166238344,#DIV/0!,#DIV/0!,,,
一宮みかり,1,1,0,1997/11/30,28,,,,1,,7213.98,2:00:14,1252238887,1.166238344,#DIV/0!,#DIV/0!,,,
志恩まこ,1,1,0,2000/4/30,26,,,志恩真子,1,,7213.98,2:00:14,1252238887,1.166238344,#DIV/0!,#DIV/0!,,,
奈古栞里,2,1,1,1996/3/4,30,,,,1,,6796.46,1:53:16,1382066778,1.28714999,1:53:16,1.28714999,,,
川辺ゆり,1,0,1,1971/12/4,54,,,,1,,6796.46,1:53:16,1382066778,1.28714999,1:53:16,1.28714999,,,
田中美矢,1,0,1,1982/12/16,43,,,,1,,6796.46,1:53:16,1382066778,1.28714999,1:53:16,1.28714999,,,
落合麗香,1,0,1,1984/1/16,42,,,,1,,6796.46,1:53:16,1382066778,1.28714999,1:53:16,1.28714999,,,
杉崎みさき,1,0,1,1992/4/12,34,,,杉崎美咲,1,,6796.46,1:53:16,1382066778,1.28714999,1:53:16,1.28714999,,,
若林ゆりな,1,0,1,1998/1/1,28,,,,1,,6796.46,1:53:16,1382066778,1.28714999,1:53:16,1.28714999,,,
工藤あかね,1,0,1,1998/1/1,28,,,,1,,6796.46,1:53:16,1382066778,1.28714999,1:53:16,1.28714999,,,
夏目みらい,1,0,1,2001/8/8,24,,,,1,,6796.46,1:53:16,1382066778,1.28714999,1:53:16,1.28714999,,,
桐岡さつき,3,0,3,1969/2/16,57,,,,1,,23359.85,6:29:20,3262292976,3.038247094,2:09:47,1.012749031,,,
前田美波,1,0,1,2001/12/15,24,,,,1,,7265.6,2:01:06,1412335956,1.315340359,2:01:06,1.315340359,,,
櫻井ふみ奈,1,0,1,1984/2/2,42,,,无结果,1,,7046.35,1:57:26,828507329,0.771607579,1:57:26,0.771607579,,,
優梨まいな,2,1,1,1995/5/31,30,,,优梨舞奈,1,,9225.3,2:33:45,1858000403,1.730397719,2:33:45,1.730397719,,,
千石もなか,1,0,1,2002/7/7,23,,,千石萌奈果,1,,9225.3,2:33:45,1858000403,1.730397719,2:33:45,1.730397719,,,
宇流木さら,1,1,0,1998/1/1,28,,,,1,,6063.04,1:41:03,1100450327,1.024874232,#DIV/0!,#DIV/0!,,,
有加里ののか,1,0,1,2003/1/17,23,,,有加里乃乃花,1,,9225.3,2:33:45,1858000403,1.730397719,2:33:45,1.730397719,,,
松冈すず,2,0,2,1995/8/11,30,,,松冈铃,1,,18045.91,5:00:46,2132861945,1.986382478,2:30:23,0.993191239,,,
伊織羽音,1,1,0,2000/4/4,26,,,,1,,7156.44,1:59:16,522975536,0.487058923,#DIV/0!,#DIV/0!,,,
藍川美夏,1,0,1,1978/10/29,47,,,蓝川美夏,1,,7197.28,1:59:57,365413085,0.340317455,1:59:57,0.340317455,,,
吉岡明日海,2,1,1,1992/9/3,33,,,吉冈明日海,1,,7045.03,1:57:25,1156475955,1.077052164,1:57:25,1.077052164,,,
武藤あやか,2,0,2,1981/5/9,45,,,武藤绫香,1,,15761.96,4:22:42,2415095048,2.249232538,2:11:21,1.124616269,,,
大槻ひびき,5,1,4,1988/2/21,38,,,,1,,25120.89,6:58:41,2957842552,2.754705541,1:44:40,0.688676385,,,
三浦恵理子,6,5,1,1969/3/3,57,退役,,,1,,16029.34,4:27:09,2553466072,2.378100596,4:27:09,2.378100596,,,
桐香ゆうり,2,0,2,1996/7/18,29,,,桐香优里,1,,9225.3,2:33:45,1858000403,1.730397719,1:16:53,0.865198859,,,
水端あさみ,2,0,2,1990/12/9,35,,,,1,,7430.07,2:03:50,1430485355,1.332243304,1:01:55,0.666121652,,,
原田京子,2,1,1,1952/12/11,73,退役,,,1,,7182.33,1:59:42,1441184535,1.342207692,1:59:42,1.342207692,,,
野々浦暖,2,1,1,1999/2/10,27,,,野野浦暖,1,,9505.54,2:38:26,1116947998,1.040238885,2:38:26,1.040238885,,,
香苗玲音,1,0,1,1998/1/23,28,,,香苗レノン,1,,6917.05,1:55:17,628937927,0.585744089,1:55:17,0.585744089,,,
福富りょう,4,0,4,1969/1/1,57,,,,1,,22499.96,6:15:00,3655885139,3.40480836,1:33:45,0.85120209,,,
北村海智,1,0,1,1994/9/12,31,,,,1,,9739.94,2:42:20,1847656735,1.720764427,2:42:20,1.720764427,,,
望月りさ,2,1,1,1993/7/15,32,,,望月理沙,1,,0,0:00:00,0,0,0:00:00,0,,,
大川月乃,1,0,1,1996/12/15,29,,,,1,,8049.77,2:14:10,1625807428,1.51415116,2:14:10,1.51415116,,,
神木まほろ,1,0,1,1998/10/10,27,,,,1,,8049.77,2:14:10,1625807428,1.51415116,2:14:10,1.51415116,,,
加藤つばき,1,0,1,1998/1/1,28,,,,1,,8049.77,2:14:10,1625807428,1.51415116,2:14:10,1.51415116,,,
木ノ宮かれん,1,0,1,1999/1/29,27,,,,1,,8049.77,2:14:10,1625807428,1.51415116,2:14:10,1.51415116,,,
芦名はるき,1,0,1,2001/5/15,25,,,,1,,8049.77,2:14:10,1625807428,1.51415116,2:14:10,1.51415116,,,
多田有花,26,1,25,1979/12/24,46,在役,,,1,,188540.2,52:22:20,35053352398,32.6459784,2:05:42,1.305839136,,,
星冬香,1,0,1,1982/5/9,44,,,无结果,1,,7078.18,1:57:58,842504600,0.784643553,1:57:58,0.784643553,,,
加賀美まり,3,1,2,2001/3/29,25,,,,1,,13144.31,3:39:04,3094601107,2.88207187,1:49:32,1.441035935,,,
絢弓あん,1,1,0,1997/3/30,29,,,,1,,0,0:00:00,0,0,#DIV/0!,#DIV/0!,,,
朝陽えま,1,1,0,2001/11/22,24,,,,1,,0,0:00:00,0,0,#DIV/0!,#DIV/0!,,,
雪乃さん,1,0,1,1998/1/1,28,,,无结果,1,,7283.59,2:01:24,1381602761,1.28671784,2:01:24,1.28671784,,,
叶芽遥希,1,0,1,1999/6/21,26,,,,1,,7769.95,2:09:30,1567807865,1.460134857,2:09:30,1.460134857,,,
初音みのり,3,2,1,1987/12/10,38,,,初音实,1,,21505.64,5:58:26,3509863215,3.268814846,5:58:26,3.268814846,,,
星あめり,2,2,0,1991/11/30,34,,,星雨里,1,,7684.15,2:08:04,1488242737,1.386034057,#DIV/0!,#DIV/0!,,,
皆野あい,1,1,0,1995/5/15,31,,,皆野爱,1,,7684.15,2:08:04,1488242737,1.386034057,#DIV/0!,#DIV/0!,,,
葉月英里,1,0,1,1985/10/15,40,,无来源,,1,,8281.4,2:18:01,1497149580,1.394329201,2:18:01,1.394329201,,,
日吉みよの,2,0,2,1962/11/3,63,,,,1,,14269.93,3:57:50,1678148820,1.56289788,1:58:55,0.78144894,,,
西村ニーナ,6,0,6,1987/11/15,38,,,,1,,49722.67,13:48:43,6819632947,6.351278114,2:18:07,1.058546352,,,
宇野栞菜,2,0,2,1985/10/28,40,,,,1,,7837.69,2:10:38,1621889955,1.510502729,1:05:19,0.755251364,,,
藤沢みどり,1,1,0,1998/1/1,28,,,,1,,14415.39,4:00:15,2608249897,2.429122009,#DIV/0!,#DIV/0!,,,
中山秋穂,1,0,1,1998/1/1,28,退役,,,1,,0,0:00:00,0,0,0:00:00,0,,,
伊月まどか,1,0,1,1998/1/1,28,,,无结果,1,,0,0:00:00,0,0,0:00:00,0,,,
きみと歩実,1,0,1,1994/3/7,32,,,,1,,8330.9,2:18:51,981006237,0.913633254,2:18:51,0.913633254,,,
秋吉慶子,1,0,1,1956/11/21,69,,,,1,,8009.87,2:13:30,942320844,0.877604675,2:13:30,0.877604675,,,
葉月レイラ,2,0,2,1999/5/30,26,,,叶月丽罗,1,,8399.92,2:20:00,1701116893,1.584288565,1:10:00,0.792144282,,,
夏目彩春,8,0,8,1984/6/20,41,,,,1,,50870.06,14:07:50,9086355271,8.462327785,1:45:59,1.057790973,,,
美原すみれ,5,0,5,1977/8/15,48,,,,1,,40262.03,11:11:02,6265003269,5.834738974,2:14:12,1.166947795,,,
真弓あずさ,1,0,1,1963/1/9,63,,,,1,,7802.03,2:10:02,914552381,0.851743278,2:10:02,0.851743278,,,
新海咲,2,0,2,2000/5/13,26,,,,1,,8180.71,2:16:21,963467659,0.897299181,1:08:10,0.44864959,,,
羽月希,3,3,0,1988/7/31,37,,,,1,,7383.56,2:03:04,1402989238,1.306635549,#DIV/0!,#DIV/0!,,,
美堂かなえ,1,1,0,1974/2/12,52,,,美堂香苗,1,,7383.56,2:03:04,1402989238,1.306635549,#DIV/0!,#DIV/0!,,,
華原美奈子,1,1,0,1982/11/15,43,,,,1,,7383.56,2:03:04,1402989238,1.306635549,#DIV/0!,#DIV/0!,,,
矢島ちえ,1,0,1,1974/3/20,52,,,,1,,7123.35,1:58:43,1387112623,1.291849299,1:58:43,1.291849299,,,
徳山翔子,1,0,1,1966/1/1,60,,,,1,,6070.91,1:41:11,898413326,0.836712612,1:41:11,0.836712612,,,
朝比ゆの,2,0,2,2004/5/20,21,,无来源,,1,,7444.78,2:04:05,1505883873,1.402463646,1:02:02,0.701231823,,,
江澄ゆゆ,2,0,2,2006/5/4,20,,,,1,,7444.78,2:04:05,1505883873,1.402463646,1:02:02,0.701231823,,,
柴田良香,2,0,2,1979/1/1,47,,无来源,,1,,15641.81,4:20:42,2913348051,2.713266808,2:10:21,1.356633404,,,
森日向子,2,0,2,2000/9/9,25,,,,1,,12390.16,3:26:30,2541049606,2.366536861,1:43:15,1.183268431,,,
山本かをり,1,0,1,1983/12/22,42,,,,1,,6988.12,1:56:28,731816600,0.68155732,1:56:28,0.68155732,,,
加藤あやの,4,3,1,1983/9/29,42,补充,,加藤绫野,1,,25843.08,7:10:43,4216462081,3.926886321,7:10:43,3.926886321,,,
弘前绫香,1,0,1,1997/8/26,28,,,弘前綾香,1,,7197.66,1:59:58,846759593,0.788606324,1:59:58,0.788606324,,,
北村好子,1,0,1,1960/12/30,65,,,,1,,7154.35,1:59:14,1374180683,1.279805492,1:59:14,1.279805492,,,
倉本えり ,1,0,1,1996/4/22,30,,,,1,,7154.35,1:59:14,1374180683,1.279805492,1:59:14,1.279805492,,,
大原蝶子,1,0,1,1997/11/30,28,,,,1,,7154.35,1:59:14,1374180683,1.279805492,1:59:14,1.279805492,,,
米津響,1,1,0,1979/9/7,46,,,米津响,1,,6956.4,1:55:56,819581646,0.763294889,#DIV/0!,#DIV/0!,,,
花宮レイ,2,0,2,1997/2/19,29,,,花宫丽,1,,14411.25,4:00:11,1696852143,1.580316707,2:00:06,0.790158353,,,
武田怜香,1,0,1,1995/1/30,31,,,,1,,5949.86,1:39:10,790443765,0.736158122,1:39:10,0.736158122,,,
寺島志保,18,0,18,1977/6/21,48,在役,,,1,,124833.09,34:40:33,22768879850,21.2051718,1:55:35,1.1780651,,,
小松みき,2,0,2,1998/1/1,28,,,无结果,1,,0,0:00:00,0,0,0:00:00,0,,,
高美はるか,2,1,1,1998/8/8,27,,,高美遥,1,,14363.17,3:59:23,2889136114,2.690717684,3:59:23,2.690717684,,,
岡崎智江,1,1,0,1966/6/30,59,,,,1,,6035.07,1:40:35,1097630111,1.022247701,#DIV/0!,#DIV/0!,,,
笹倉杏,1,0,1,1987/4/1,39,,,,1,,14363.17,3:59:23,2889136114,2.690717684,3:59:23,2.690717684,,,
高杉麻里,1,0,1,1998/1/30,28,,,,1,,14363.17,3:59:23,2889136114,2.690717684,3:59:23,2.690717684,,,
末广纯,2,0,2,1994/1/30,32,,,末広純,1,,15588.61,4:19:49,2429498497,2.262646795,2:09:54,1.131323398,,,
緒方泰子,3,1,2,1970/2/15,56,,,,1,,14012.46,3:53:32,2340851295,2.180087655,1:56:46,1.090043827,,,
古東まりこ,2,0,2,1980/3/24,46,,,古东真理子,1,,16865.52,4:41:06,2596424826,2.418109054,2:20:33,1.209054527,,,
久宝ななえ,1,0,1,1979/2/26,47,,,,1,,7258.27,2:00:58,1348760179,1.256130802,2:00:58,1.256130802,,,
末広純,1,0,1,1994/1/30,32,,,,1,,7321.59,2:02:02,1219419673,1.135673069,2:02:02,1.135673069,,,
香椎りあ,1,1,0,1991/7/30,34,,,香椎梨亚,1,,8054.96,2:14:15,1621808558,1.510426922,#DIV/0!,#DIV/0!,,,
花狩まい,1,0,1,1998/11/20,27,,,,1,,7321.59,2:02:02,1219419673,1.135673069,2:02:02,1.135673069,,,
愛瀬ゆうり,1,0,1,2001/4/30,25,,,,1,,7321.59,2:02:02,1219419673,1.135673069,2:02:02,1.135673069,,,
宮城りえ,1,0,1,2002/7/31,23,,,,1,,7321.59,2:02:02,1219419673,1.135673069,2:02:02,1.135673069,,,
椎名心春,1,0,1,2002/4/21,24,,,,1,,7321.59,2:02:02,1219419673,1.135673069,2:02:02,1.135673069,,,
由良かな,1,0,1,2003/11/30,22,,,,1,,7321.59,2:02:02,1219419673,1.135673069,2:02:02,1.135673069,,,
天馬ゆい,3,2,1,1998/2/14,28,,,天马唯,1,,15287.65,4:14:48,2570552778,2.394013831,4:14:48,2.394013831,,,
紺野ひかる,1,0,1,1994/1/16,32,,,绀野光,1,,6080.35,1:41:20,715845906,0.666683452,1:41:20,0.666683452,,,
JULIA,1,0,1,1987/5/25,38,,,京香julia,1,,7186.26,1:59:46,1325530077,1.234496084,1:59:46,1.234496084,,,
実浜みき,1,0,1,1991/8/30,34,,,,1,,9244.76,2:34:05,1805237354,1.6812583,2:34:05,1.6812583,,,
佐藤ののか,1,0,1,1996/3/12,30,,,佐藤乃乃果,1,,0,0:00:00,0,0,0:00:00,0,,,
富花美緒,1,0,1,1998/1/1,28,,,,1,,0,0:00:00,0,0,0:00:00,0,,,
碓氷れん,2,1,1,1995/9/30,30,,,,1,,7042.54,1:57:23,827917471,0.771058231,1:57:23,0.771058231,,,
川越ゆい,1,0,1,1993/8/8,32,,,川越唯,1,,7042.54,1:57:23,827917471,0.771058231,1:57:23,0.771058231,,,
紗倉まな,1,0,1,1993/3/23,33,,,纱仓真菜,1,,8182.05,2:16:22,962660873,0.896547803,2:16:22,0.896547803,,,
藤木紗英,3,0,3,1981/5/30,44,,,藤木纱英,1,,14671.54,4:04:32,2783626289,2.592454002,1:21:31,0.864151334,,,
広瀬ゆり,2,0,2,1996/9/30,29,,,,1,,15859.78,4:24:20,2944624336,2.742395118,2:12:10,1.371197559,,,
愛須みのん,2,0,2,1995/6/2,30,,,,1,,16294.11,4:31:34,3280918697,3.055593648,2:15:47,1.527796824,,,
宮崎リン,2,0,2,1997/7/10,28,,,宫崎铃,1,,16294.11,4:31:34,3280918697,3.055593648,2:15:47,1.527796824,,,
細川早苗,1,0,1,1969/7/22,56,退役,无来源,,1,,7405.76,2:03:26,873130409,0.81316606,2:03:26,0.81316606,,,
汐川云丹,1,0,1,1993/8/2,32,,,しおかわ雲丹,1,,8415.33,2:20:15,1697629473,1.581040652,2:20:15,1.581040652,,,
白峰ミウ,2,0,2,1997/2/16,29,,,,1,,9542.98,2:39:03,1919482164,1.787657071,1:19:31,0.893828535,,,
真矢みつき,2,2,0,1997/9/30,28,,,真矢实月,1,,7006.7,1:56:47,1184901640,1.103525646,#DIV/0!,#DIV/0!,,,
有岡みう,1,1,0,1995/8/17,30,,,有冈美羽,1,,7006.7,1:56:47,1184901640,1.103525646,#DIV/0!,#DIV/0!,,,
佐山麗子,1,1,0,1980/5/8,46,,,,1,,7191.32,1:59:51,1650265852,1.536929842,#DIV/0!,#DIV/0!,,,
小日向舞,1,1,0,1986/9/30,39,,,小日向まい,1,,7191.32,1:59:51,1650265852,1.536929842,#DIV/0!,#DIV/0!,,,
堀麻美子,1,1,0,1995/4/23,31,,,,1,,7006.7,1:56:47,1184901640,1.103525646,#DIV/0!,#DIV/0!,,,
谷あづさ,1,1,0,1997/12/22,28,,,藤咲爱伦,1,,7006.7,1:56:47,1184901640,1.103525646,#DIV/0!,#DIV/0!,,,
広瀬りおな,3,0,3,1989/11/11,36,,,广濑里绪菜,1,,17014.61,4:43:35,2605962857,2.426992037,1:34:32,0.808997346,,,
沙月恵奈,2,1,1,1999/6/11,26,,,,1,,19367.83,5:22:48,3052349982,2.842722444,5:22:48,2.842722444,,,
須崎美羽,1,0,1,1997/6/19,28,,,须崎美羽,1,,10160.53,2:49:21,1197643110,1.115392065,2:49:21,1.115392065,,,
園田かのこ,1,0,1,1997/12/11,28,,,,1,,10160.53,2:49:21,1197643110,1.115392065,2:49:21,1.115392065,,,
谷原ゆき,1,1,0,1973/12/12,52,退役,,,1,,6570.04,1:49:30,773129753,0.720033192,#DIV/0!,#DIV/0!,,,
花井しずく,3,0,3,1997/11/10,28,,,花井滴,1,,15297.22,4:14:57,3232919786,3.010891179,1:24:59,1.003630393,,,
美泉咲,4,3,1,1986/12/27,39,,,,1,,14597.54,4:03:18,2655228125,2.472873894,4:03:18,2.472873894,,,
ひなたまりん,2,0,2,1997/7/7,28,,,日向真凛,1,,16108.63,4:28:29,1898977237,1.768560369,2:14:14,0.884280185,,,
和久井由美子,1,0,1,1951/8/12,74,退役,无来源,,1,,10041.12,2:47:21,1944301829,1.810772185,2:47:21,1.810772185,,,
大内友花里,1,0,1,1957/8/9,68,,,,1,,10041.12,2:47:21,1944301829,1.810772185,2:47:21,1.810772185,,,
桃瀬ゆり,1,1,0,1990/5/14,36,,,桃濑友里,1,,6566.36,1:49:26,1195659003,1.113544221,#DIV/0!,#DIV/0!,,,
上原けいこ,1,0,1,1963/12/19,62,,,,1,,10041.12,2:47:21,1944301829,1.810772185,2:47:21,1.810772185,,,
綾瀬もも乃,1,1,0,1997/12/31,28,,,,1,,0,0:00:00,0,0,#DIV/0!,#DIV/0!,,,
星野あかり,1,0,1,1985/8/24,40,,,星野明,1,,9720.16,2:42:00,1140309992,1.061996438,2:42:00,1.061996438,,,
 吹石れな,2,1,1,1980/6/7,45,,,,1,,6079.58,1:41:20,1168710381,1.088446361,1:41:20,1.088446361,,,
河合あすな,1,0,1,1998/3/21,28,,,河合明日菜,1,,11308.65,3:08:29,3117656509,2.903543887,3:08:29,2.903543887,,,
真田みづ稀,2,0,2,1996/3/14,30,,,真田美津稀,1,,21963.46,6:06:03,4417183078,4.113822317,3:03:02,2.056911158,,,
妃ひかり,4,1,3,1989/5/29,36,,,妃光,1,,22624.64,6:17:05,3693946515,3.440255779,2:05:42,1.146751926,,,
佐倉由美子,4,1,3,1969/1/1,57,,,,1,,28799.85,8:00:00,4296527063,4.001452646,2:40:00,1.333817549,,,
ジューン・ラブジョイ,2,0,2,1996/2/14,30,,,琼·洛夫乔伊,1,,8230.05,2:17:10,1514445498,1.41043728,1:08:35,0.70521864,,,
西田カリナ,2,0,2,1995/7/7,30,,,西田卡莉娜,1,,8282.43,2:18:02,1665324845,1.550954622,1:09:01,0.775477311,,,
加瀬ななほ,1,1,0,1994/11/30,31,,,加藤椿,1,,7674.23,2:07:54,902393951,0.840419858,#DIV/0!,#DIV/0!,,,
妃月るい,4,1,3,1994/1/16,32,,,妃月留衣,1,,15189.13,4:13:09,3004529948,2.798186567,1:24:23,0.932728856,,,
宝田もなみ,1,0,1,1992/11/30,33,,,宝田萌奈美,1,,8544.61,2:22:25,1005709681,0.936640129,2:22:25,0.936640129,,,
来栖すみれ,1,0,1,1990/7/30,35,,,,1,,8230.05,2:17:10,1514445498,1.41043728,2:17:10,1.41043728,,,
内田美奈子,3,3,0,1978/8/5,47,退役,,,1,,8163.94,2:16:04,1590138870,1.480932226,#DIV/0!,#DIV/0!,,,
矢吹涼華,1,1,0,1975/1/19,51,退役,,,1,,8163.94,2:16:04,1590138870,1.480932226,#DIV/0!,#DIV/0!,,,
滝沢すみれ,1,1,0,1982/2/6,44,退役,,,1,,8163.94,2:16:04,1590138870,1.480932226,#DIV/0!,#DIV/0!,,,
白石結衣,1,1,0,1998/1/1,28,退役,无来源,,1,,8163.94,2:16:04,1590138870,1.480932226,#DIV/0!,#DIV/0!,,,
佐々木夏菜,1,1,0,1994/12/7,31,,,,1,,8390.34,2:19:50,1581829550,1.473193569,#DIV/0!,#DIV/0!,,,
白花こう,1,0,1,1991/8/7,34,,,白花香,1,,8761.81,2:26:02,1596301367,1.486671499,2:26:02,1.486671499,,,
結城のの,2,0,2,1996/11/30,29,,,结城乃乃,1,,16547.63,4:35:48,2093364908,1.949597996,2:17:54,0.974798998,,,
花城穂果,1,0,1,1979/9/21,46,,,,1,,7250.1,2:00:50,1409165895,1.312388009,2:00:50,1.312388009,,,
柏木舞子,4,0,4,1966/7/14,59,,,,1,,28045.26,7:47:25,4101979078,3.820265716,1:56:51,0.955066429,,,
麻生千春,1,0,1,1970/7/24,55,退役,,,1,,6958.31,1:55:58,1329325117,1.23803049,1:55:58,1.23803049,,,
皆月ひかる,3,1,2,2000/1/11,26,,,,1,,16454.75,4:34:15,3461819230,3.224070398,2:17:07,1.612035199,,,
皆月ひかる ,2,0,2,2000/1/11,26,,,皆月光,1,,7247.45,2:00:47,1607112358,1.496740019,1:00:24,0.748370009,,,
堀内未果子,1,0,1,1995/2/28,31,,,,1,,8317.58,2:18:38,578919410,0.539160715,2:18:38,0.539160715,,,
瀬那ルミナ,4,0,4,2002/5/9,24,,,,1,,31318.23,8:41:58,5961209047,5.551808557,2:10:30,1.387952139,,,
藤沢ユリア,1,0,1,1998/1/1,28,,,,1,,7262.38,2:01:02,1459123374,1.358914537,2:01:02,1.358914537,,,
森崎あずさ,1,0,1,1975/10/22,50,,无来源,,1,,0,0:00:00,0,0,0:00:00,0,,,
天川そら,1,0,1,1998/6/30,27,,,天川空,1,,11944.93,3:19:05,2417580462,2.25154726,3:19:05,2.25154726,,,
牧瀬れい,1,0,1,1974/9/29,51,退役,无来源,,1,,7835.08,2:10:35,469933518,0.437659694,2:10:35,0.437659694,,,
ケモケモ蓮,1,1,0,2001/1/1,25,,,,1,,10058.57,2:47:39,1894627554,1.764509412,#DIV/0!,#DIV/0!,,,
花音うらら,2,0,2,2000/11/11,25,,,花音丽,1,,15830.34,4:23:50,3042492462,2.833541913,2:11:55,1.416770956,,,
明里つむぎ,1,0,1,1998/3/31,28,,,明里䌷,1,,7042.32,1:57:22,835765271,0.778367064,1:57:22,0.778367064,,,
風間ゆみ,23,9,14,1979/1/31,47,,,,1,,152017.29,42:13:37,28100242967,26.17039063,3:00:58,1.869313616,,,
榎本美咲,1,0,1,1988/5/3,38,,,,1,,8074.06,2:14:34,1571761694,1.463817148,2:14:34,1.463817148,,,
若林美保,1,0,1,1979/5/10,47,,,,1,,0,0:00:00,0,0,0:00:00,0,,,
佐山愛,2,1,1,1989/1/8,37,,,,1,,0,0:00:00,0,0,0:00:00,0,,,
一ノ瀬レイラ,1,0,1,2001/7/7,24,,,,1,,7103.1,1:58:23,836265151,0.778832613,1:58:23,0.778832613,,,
MIYABI,1,1,0,1992/5/8,34,,,,1,,5896.86,1:38:17,1487488749,1.385331851,#DIV/0!,#DIV/0!,,,
志木あかね,1,0,1,1995/9/24,30,,,,1,,7600.29,2:06:40,1528046964,1.423104633,2:06:40,1.423104633,,,
夏希ゆめ,1,0,1,2000/10/7,25,,,夏希梦,1,,7600.29,2:06:40,1528046964,1.423104633,2:06:40,1.423104633,,,
乃々河奈緒花,1,0,1,1983/9/3,42,,无来源,,1,,7242.66,2:00:43,1343552123,1.251280422,2:00:43,1.251280422,,,
天然かのん,1,0,1,1999/12/21,26,,,天然美月,1,,14457.6,4:00:58,2925743494,2.724810963,4:00:58,2.724810963,,,
筱田彩音,1,1,0,1992/11/2,33,,,篠田彩音,1,,0,0:00:00,0,0,#DIV/0!,#DIV/0!,,,
西田那津,1,1,0,1998/1/1,28,,,,1,,8067.34,2:14:27,1347492776,1.254950441,#DIV/0!,#DIV/0!,,,
遥あやね,3,2,1,1982/5/1,44,,,,1,,14640.12,4:04:00,2392602766,2.228284968,4:04:00,2.228284968,,,
ももの真利奈,2,0,2,1988/7/4,37,,,,1,,16063.06,4:27:43,3026995399,2.819109148,2:13:52,1.409554574,,,
繭村めい,1,1,0,1989/1/1,37,,,,1,,7793.84,2:09:54,1568982445,1.46122877,#DIV/0!,#DIV/0!,,,
みひな,4,2,2,1995/7/13,30,,,永井美雏,1,,15990.27,4:26:30,2519368939,2.346345167,2:13:15,1.173172583,,,
志田雪奈,1,0,1,1997/11/30,28,,,,1,,0,0:00:00,0,0,0:00:00,0,,,
最上さゆき,4,2,2,1986/8/19,39,,,,1,,15078.89,4:11:19,3047391623,2.838104612,2:05:39,1.419052306,,,
森美希,1,0,1,1980/7/26,45,,,,1,,7314.61,2:01:55,1564858844,1.457388368,2:01:55,1.457388368,,,
倉多まお,3,1,2,1994/3/7,32,,,仓多真央,1,,13996.29,3:53:16,1648979102,1.535731463,1:56:38,0.767865731,,,
小林あさみ,1,1,0,1964/9/30,61,,,片平育江,1,,5347.54,1:29:08,1084001178,1.009554768,#DIV/0!,#DIV/0!,,,
中山香苗,1,1,0,1976/3/20,50,退役,,,1,,5347.54,1:29:08,1084001178,1.009554768,#DIV/0!,#DIV/0!,,,
富永麻衣子,1,1,0,1979/2/19,47,,,,1,,5347.54,1:29:08,1084001178,1.009554768,#DIV/0!,#DIV/0!,,,
坂道みる,1,0,1,1999/11/29,26,,,坂道美琉,1,,0,0:00:00,0,0,0:00:00,0,,,
水原みその,1,0,1,2000/9/15,25,,,水原美园,1,,0,0:00:00,0,0,0:00:00,0,,,
相馬茜,1,0,1,1987/9/29,38,,,,1,,7078.51,1:57:59,1390225919,1.294748782,1:57:59,1.294748782,,,
岩沢香代,3,0,3,1985/4/13,41,,,,1,,7848.9,2:10:49,1421128389,1.32352895,0:43:36,0.441176317,,,
本田瞳,3,0,3,1992/8/4,33,,,,1,,31295.45,8:41:35,5550450871,5.169260195,2:53:52,1.723086732,,,
音琴るい,4,0,4,1994/1/16,32,,,,1,,23408.94,6:30:09,4849590778,4.516533369,1:37:32,1.129133342,,,
仲村みう,1,0,1,1991/3/14,35,,,仲村美羽,1,,0,0:00:00,0,0,0:00:00,0,,,
南畑飒花,2,0,2,2001/10/19,24,,,南畑颯花,1,,8660.51,2:24:21,1749020529,1.628902302,1:12:10,0.814451151,,,
牧原れい子,3,3,0,1964/9/14,61,退役,,,1,,0,0:00:00,0,0,#DIV/0!,#DIV/0!,,,
水野淑恵,3,3,0,1965/9/25,60,退役,,,1,,0,0:00:00,0,0,#DIV/0!,#DIV/0!,,,
七海ひさ代,3,3,0,1972/4/30,54,退役,,,1,,0,0:00:00,0,0,#DIV/0!,#DIV/0!,,,
佐々木あき,5,5,0,1979/12/24,46,退役,,,1,,8897.88,2:28:18,1714549322,1.596798489,#DIV/0!,#DIV/0!,,,
阿部乃みく,4,4,0,1993/10/18,32,,,阿部乃美久,1,,0,0:00:00,0,0,#DIV/0!,#DIV/0!,,,
美咲かんな,2,0,2,1994/7/3,31,,,,1,,16143.07,4:29:03,3182545037,2.963976038,2:14:32,1.481988019,,,
松元まりな,2,2,0,1969/6/9,56,,,,1,,0,0:00:00,0,0,#DIV/0!,#DIV/0!,,,
藤澤美織,2,2,0,1971/10/22,54,退役,,,1,,0,0:00:00,0,0,#DIV/0!,#DIV/0!,,,
藤下梨花,2,2,0,1974/5/19,51,退役,,,1,,0,0:00:00,0,0,#DIV/0!,#DIV/0!,,,
遥めぐみ,2,2,0,1986/10/5,39,,,遥惠美,1,,0,0:00:00,0,0,#DIV/0!,#DIV/0!,,,
篠田あゆみ,2,2,0,1985/11/16,40,,,,1,,0,0:00:00,0,0,#DIV/0!,#DIV/0!,,,
希志あいの,2,2,0,1988/2/1,38,,,希志爱野,1,,0,0:00:00,0,0,#DIV/0!,#DIV/0!,,,
碧しの,2,2,0,1990/9/8,35,在役,,碧志乃,1,,0,0:00:00,0,0,#DIV/0!,#DIV/0!,,,
初美沙希,2,2,0,1990/10/15,35,,,,1,,0,0:00:00,0,0,#DIV/0!,#DIV/0!,,,
梨々花,2,2,0,1995/10/23,30,,,,1,,0,0:00:00,0,0,#DIV/0!,#DIV/0!,,,
辻芽愛里,2,2,0,1998/1/2,28,,,,1,,0,0:00:00,0,0,#DIV/0!,#DIV/0!,,,
中村紗羅,2,2,0,1998/1/1,28,,无来源,,1,,0,0:00:00,0,0,#DIV/0!,#DIV/0!,,,
蓬莱かすみ,2,2,0,1998/1/1,28,,无来源,,1,,0,0:00:00,0,0,#DIV/0!,#DIV/0!,,,
星川梨子,1,0,1,1979/9/19,46,,无来源,,1,,7284.48,2:01:24,1398704198,1.302644795,2:01:24,1.302644795,,,
紗々原ゆり,6,3,3,1992/8/15,33,,,,1,,29500.2,8:11:40,5026731688,4.681508698,2:43:53,1.560502899,,,
生野光代,2,0,2,1969/6/30,56,,,,1,,16298.21,4:31:38,2561423730,2.385511743,2:15:49,1.192755871,,,
鈴音杏夏,2,0,2,2000/6/16,25,,,,1,,15879.74,4:24:40,3195279418,2.975835854,2:12:20,1.487917927,,,
柚月ひまわり,1,0,1,1996/9/23,29,,,柚月向日葵,1,,7045.5,1:57:26,830003823,0.773001297,1:57:26,0.773001297,,,
黒崎礼子,1,1,0,1937/1/26,89,退役,,,1,,0,0:00:00,0,0,#DIV/0!,#DIV/0!,,,
小泉多恵子,1,1,0,1952/4/24,74,退役,无来源,无结果,1,,0,0:00:00,0,0,#DIV/0!,#DIV/0!,,,
岩崎千鶴,1,1,0,1960/2/8,66,退役,,,1,,0,0:00:00,0,0,#DIV/0!,#DIV/0!,,,
音羽文子,1,1,0,1960/1/30,66,退役,,,1,,0,0:00:00,0,0,#DIV/0!,#DIV/0!,,,
松下美香,1,1,0,1961/5/16,65,退役,,,1,,0,0:00:00,0,0,#DIV/0!,#DIV/0!,,,
藤沢芳恵,1,1,0,1962/2/3,64,,,,1,,0,0:00:00,0,0,#DIV/0!,#DIV/0!,,,
小田原信子,1,1,0,1962/7/19,63,退役,,,1,,0,0:00:00,0,0,#DIV/0!,#DIV/0!,,,
遠野麗子,1,1,0,1962/11/30,63,,,,1,,0,0:00:00,0,0,#DIV/0!,#DIV/0!,,,
上原千尋,1,1,0,1963/11/30,62,退役,,,1,,0,0:00:00,0,0,#DIV/0!,#DIV/0!,,,
庵叶和子,1,1,0,1965/10/4,60,退役,,,1,,0,0:00:00,0,0,#DIV/0!,#DIV/0!,,,
藤木静子,1,1,0,1965/7/17,60,退役,,,1,,0,0:00:00,0,0,#DIV/0!,#DIV/0!,,,
大森詩夏,1,1,0,1965/7/14,60,退役,,,1,,0,0:00:00,0,0,#DIV/0!,#DIV/0!,,,
江原あけみ,1,1,0,1965/2/22,61,退役,,,1,,0,0:00:00,0,0,#DIV/0!,#DIV/0!,,,
川原みづほ,1,1,0,1965/2/20,61,退役,无来源,川原瑞穂,1,,0,0:00:00,0,0,#DIV/0!,#DIV/0!,,,
黒木小夜子,1,1,0,1967/9/8,58,退役,,,1,,0,0:00:00,0,0,#DIV/0!,#DIV/0!,,,
北原夏美,1,1,0,1966/11/30,59,退役,,,1,,0,0:00:00,0,0,#DIV/0!,#DIV/0!,,,
黒崎ヒトミ,1,1,0,1967/6/28,58,,,无结果,1,,0,0:00:00,0,0,#DIV/0!,#DIV/0!,,,
松嶋友里恵,1,1,0,1969/7/4,56,退役,,,1,,0,0:00:00,0,0,#DIV/0!,#DIV/0!,,,
松本まりな,1,1,0,1969/6/9,56,退役,,,1,,0,0:00:00,0,0,#DIV/0!,#DIV/0!,,,
紫彩乃,1,1,0,1969/3/29,57,退役,,,1,,0,0:00:00,0,0,#DIV/0!,#DIV/0!,,,
神崎久美,1,1,0,1970/7/29,55,退役,,,1,,0,0:00:00,0,0,#DIV/0!,#DIV/0!,,,
吉瀬菜々子,2,2,0,1970/5/25,55,退役,,,1,,8897.88,2:28:18,1714549322,1.596798489,#DIV/0!,#DIV/0!,,,
瀬野ゆかり,1,1,0,1970/1/24,56,退役,,,1,,0,0:00:00,0,0,#DIV/0!,#DIV/0!,,,
観月由奈,1,1,0,1971/2/14,55,退役,,,1,,0,0:00:00,0,0,#DIV/0!,#DIV/0!,,,
秋山静香,1,1,0,1972/9/9,53,退役,,,1,,0,0:00:00,0,0,#DIV/0!,#DIV/0!,,,
狩野里香,1,1,0,1973/2/20,53,,,,1,,0,0:00:00,0,0,#DIV/0!,#DIV/0!,,,
吉岡奈々子,1,1,0,1973/8/4,52,退役,,,1,,0,0:00:00,0,0,#DIV/0!,#DIV/0!,,,
片瀬仁美,1,1,0,1974/5/2,52,,,,1,,0,0:00:00,0,0,#DIV/0!,#DIV/0!,,,
竹下千晶,1,1,0,1974/10/6,51,退役,,,1,,0,0:00:00,0,0,#DIV/0!,#DIV/0!,,,
町村あんな,1,1,0,1974/1/30,52,退役,,,1,,0,0:00:00,0,0,#DIV/0!,#DIV/0!,,,
沢村麻耶,1,1,0,1973/11/30,52,退役,,,1,,0,0:00:00,0,0,#DIV/0!,#DIV/0!,,,
橘エレナ,1,1,0,1975/1/9,51,,,,1,,0,0:00:00,0,0,#DIV/0!,#DIV/0!,,,
菊池えり,1,1,0,1975/5/8,51,退役,,,1,,0,0:00:00,0,0,#DIV/0!,#DIV/0!,,,
愛澄玲花,1,1,0,1975/4/19,51,退役,,,1,,0,0:00:00,0,0,#DIV/0!,#DIV/0!,,,
国生亜弥,1,1,0,1974/11/6,51,退役,,,1,,0,0:00:00,0,0,#DIV/0!,#DIV/0!,,,
金島裕子,1,1,0,1976/9/23,49,退役,,,1,,0,0:00:00,0,0,#DIV/0!,#DIV/0!,,,
江口浩美,1,1,0,1976/9/23,49,退役,,,1,,0,0:00:00,0,0,#DIV/0!,#DIV/0!,,,
峰岸ふじこ,1,1,0,1976/8/10,49,退役,,,1,,0,0:00:00,0,0,#DIV/0!,#DIV/0!,,,
南紗穂,1,1,0,1977/11/30,48,,,南纱穂,1,,0,0:00:00,0,0,#DIV/0!,#DIV/0!,,,
水原梨花,1,1,0,1979/3/24,47,退役,,,1,,0,0:00:00,0,0,#DIV/0!,#DIV/0!,,,
山口玲子,1,1,0,1978/12/15,47,退役,,,1,,0,0:00:00,0,0,#DIV/0!,#DIV/0!,,,
優木明日花,1,1,0,1978/12/3,47,退役,,,1,,0,0:00:00,0,0,#DIV/0!,#DIV/0!,,,
松坂美紀,1,1,0,1980/12/13,45,,,松坂美纪,1,,0,0:00:00,0,0,#DIV/0!,#DIV/0!,,,
長谷川秋子,1,1,0,1982/6/30,43,退役,,,1,,0,0:00:00,0,0,#DIV/0!,#DIV/0!,,,
滝川けいこ,1,1,0,1982/2/6,44,退役,,,1,,0,0:00:00,0,0,#DIV/0!,#DIV/0!,,,
加納綾子,1,1,0,1982/2/3,44,补充,,,1,,0,0:00:00,0,0,#DIV/0!,#DIV/0!,,,
牧村彩香,1,1,0,1982/12/26,43,退役,,,1,,0,0:00:00,0,0,#DIV/0!,#DIV/0!,,,
かすみ果穂,1,1,0,1984/10/14,41,退役,,,1,,0,0:00:00,0,0,#DIV/0!,#DIV/0!,,,
柴咲ゆうり,1,1,0,1984/10/20,41,退役,,,1,,0,0:00:00,0,0,#DIV/0!,#DIV/0!,,,
美保結衣,1,1,0,1984/9/29,41,退役,,,1,,0,0:00:00,0,0,#DIV/0!,#DIV/0!,,,
香坂玲依寧,1,1,0,1984/8/7,41,退役,,,1,,0,0:00:00,0,0,#DIV/0!,#DIV/0!,,,
桐原あずさ,1,1,0,1984/5/12,42,退役,,,1,,0,0:00:00,0,0,#DIV/0!,#DIV/0!,,,
そらのゆめ,1,1,0,1983/12/12,42,退役,,,1,,0,0:00:00,0,0,#DIV/0!,#DIV/0!,,,
柴崎はる,1,0,1,2000/1/8,26,,,柴崎春,1,,0,0:00:00,0,0,0:00:00,0,,,
一ノ瀬ルカ,1,1,0,1985/9/4,40,,,一之濑露卡,1,,0,0:00:00,0,0,#DIV/0!,#DIV/0!,,,
瀬奈ジュン,1,1,0,1986/7/22,39,,,,1,,0,0:00:00,0,0,#DIV/0!,#DIV/0!,,,
細川まり,1,1,0,1987/3/28,39,退役,,,1,,0,0:00:00,0,0,#DIV/0!,#DIV/0!,,,
林美希,1,1,0,1987/1/10,39,,,,1,,0,0:00:00,0,0,#DIV/0!,#DIV/0!,,,
瀬名あゆむ,1,1,0,1986/11/9,39,,,,1,,0,0:00:00,0,0,#DIV/0!,#DIV/0!,,,
友田彩也香,1,1,0,1988/9/14,37,,,,1,,0,0:00:00,0,0,#DIV/0!,#DIV/0!,,,
冬月かえで,1,1,0,1988/9/14,37,退役,,冬月枫,1,,0,0:00:00,0,0,#DIV/0!,#DIV/0!,,,
成宮カナ,1,1,0,1988/9/13,37,,,成宫香菜,1,,0,0:00:00,0,0,#DIV/0!,#DIV/0!,,,
真田春香,1,1,0,1988/6/6,37,,,,1,,0,0:00:00,0,0,#DIV/0!,#DIV/0!,,,
ゆうきさやか,1,1,0,1988/5/13,38,,,朝比奈咲,1,,0,0:00:00,0,0,#DIV/0!,#DIV/0!,,,
亜希菜,1,1,0,1987/12/4,38,,,亚希菜,1,,0,0:00:00,0,0,#DIV/0!,#DIV/0!,,,
アンジェリーナ,1,1,0,1987/11/18,38,,,,1,,0,0:00:00,0,0,#DIV/0!,#DIV/0!,,,
吉村杏菜,0,0,0,1988/5/27,37,,,,1,,0,0:00:00,0,0,#DIV/0!,#DIV/0!,,,
希咲エマ,1,1,0,1989/8/30,36,,,希咲爱玛,1,,0,0:00:00,0,0,#DIV/0!,#DIV/0!,,,
桜瀬奈,1,1,0,1989/8/16,36,,,,1,,0,0:00:00,0,0,#DIV/0!,#DIV/0!,,,
希崎ジェシカ,1,1,0,1989/6/10,36,,,希崎洁西卡,1,,0,0:00:00,0,0,#DIV/0!,#DIV/0!,,,
高梨あゆみ,1,1,0,1989/2/4,37,,,高梨步,1,,0,0:00:00,0,0,#DIV/0!,#DIV/0!,,,
潮崎彩音,1,1,0,1989/1/13,37,,,,1,,0,0:00:00,0,0,#DIV/0!,#DIV/0!,,,
高宮菜々子,1,1,0,1988/11/30,37,,,高宫菜菜子,1,,0,0:00:00,0,0,#DIV/0!,#DIV/0!,,,
神咲詩織,1,1,0,1990/8/25,35,,,神咲诗织,1,,0,0:00:00,0,0,#DIV/0!,#DIV/0!,,,
木崎実花,1,1,0,1990/2/3,36,,,,1,,0,0:00:00,0,0,#DIV/0!,#DIV/0!,,,
芹沢つむぎ,1,1,0,1990/7/28,35,,,,1,,0,0:00:00,0,0,#DIV/0!,#DIV/0!,,,
有村千佳,1,1,0,1990/4/15,36,,,,1,,0,0:00:00,0,0,#DIV/0!,#DIV/0!,,,
優希まこと,1,1,0,1990/7/7,35,,,优希麻琴,1,,0,0:00:00,0,0,#DIV/0!,#DIV/0!,,,
椿かなり,1,1,0,1991/10/3,34,,,椿可奈里,1,,0,0:00:00,0,0,#DIV/0!,#DIV/0!,,,
AIKA,1,1,0,1991/10/1,34,,,愛果,1,,0,0:00:00,0,0,#DIV/0!,#DIV/0!,,,
星野ひびき,1,1,0,1992/10/6,33,,,,1,,0,0:00:00,0,0,#DIV/0!,#DIV/0!,,,
乃木はるか,1,1,0,1992/7/30,33,,,,1,,0,0:00:00,0,0,#DIV/0!,#DIV/0!,,,
伊東真緒,1,1,0,1992/6/9,33,,,,1,,0,0:00:00,0,0,#DIV/0!,#DIV/0!,,,
美緒みくる,1,1,0,1992/5/5,34,,,,1,,0,0:00:00,0,0,#DIV/0!,#DIV/0!,,,
坂本ほのか,1,1,0,1992/4/6,34,,,,1,,0,0:00:00,0,0,#DIV/0!,#DIV/0!,,,
小西まりえ,1,1,0,1992/3/1,34,,,小西真理惠,1,,0,0:00:00,0,0,#DIV/0!,#DIV/0!,,,
原さくら,1,1,0,1992/2/12,34,,,,1,,0,0:00:00,0,0,#DIV/0!,#DIV/0!,,,
志摩ことり,1,1,0,1992/1/6,34,,,,1,,0,0:00:00,0,0,#DIV/0!,#DIV/0!,,,
壇涼果,1,1,0,1991/12/23,34,,,,1,,0,0:00:00,0,0,#DIV/0!,#DIV/0!,,,
日向あいり,0,0,0,1992/4/21,34,,,,1,,0,0:00:00,0,0,#DIV/0!,#DIV/0!,,,
筱崎环奈,1,1,0,1993/8/15,32,,,篠崎かんな,1,,0,0:00:00,0,0,#DIV/0!,#DIV/0!,,,
藤波さとり,1,1,0,1993/6/12,32,,,,1,,0,0:00:00,0,0,#DIV/0!,#DIV/0!,,,
鹤田かな,1,1,0,1992/12/12,33,,,鹤田香奈,1,,0,0:00:00,0,0,#DIV/0!,#DIV/0!,,,
鶴田かな,1,1,0,1992/12/12,33,,,鹤田香奈,1,,0,0:00:00,0,0,#DIV/0!,#DIV/0!,,,
佳苗るか,1,1,0,1993/3/4,33,,,佳苗瑠华,1,,0,0:00:00,0,0,#DIV/0!,#DIV/0!,,,
浅倉愛,1,1,0,1993/10/28,32,,,,1,,0,0:00:00,0,0,#DIV/0!,#DIV/0!,,,
松本菜奈実,1,1,0,1994/8/23,31,,,,1,,0,0:00:00,0,0,#DIV/0!,#DIV/0!,,,
星空もあ,1,1,0,1994/7/24,31,,,星空萌亚,1,,0,0:00:00,0,0,#DIV/0!,#DIV/0!,,,
逢坂优,1,1,0,1994/7/3,31,,,逢坂優,1,,0,0:00:00,0,0,#DIV/0!,#DIV/0!,,,
池淵夕奈,1,1,0,1994/4/19,32,,无来源,,1,,0,0:00:00,0,0,#DIV/0!,#DIV/0!,,,
今井ゆあ,1,1,0,1994/3/21,32,,,今井由亚,1,,0,0:00:00,0,0,#DIV/0!,#DIV/0!,,,
优月まりな,1,1,0,1993/11/30,32,,,优月真里奈,1,,0,0:00:00,0,0,#DIV/0!,#DIV/0!,,,
桜ちなみ,2,2,0,1994/4/5,32,,,樱千奈美,1,,0,0:00:00,0,0,#DIV/0!,#DIV/0!,,,
なつめ愛莉,2,2,0,1994/3/27,32,,,,1,,0,0:00:00,0,0,#DIV/0!,#DIV/0!,,,
本田岬,0,0,0,1994/2/2,32,,,,1,,0,0:00:00,0,0,#DIV/0!,#DIV/0!,,,
奥井枫,1,1,0,1995/9/24,30,,,,1,,0,0:00:00,0,0,#DIV/0!,#DIV/0!,,,
さくらゆら,1,1,0,1995/3/21,31,,,樱由罗,1,,0,0:00:00,0,0,#DIV/0!,#DIV/0!,,,
野々宮あん,1,1,0,1994/11/30,31,,,野野宫兰,1,,0,0:00:00,0,0,#DIV/0!,#DIV/0!,,,
牧村ひな,1,1,0,1995/8/1,30,,,牧村雏,1,,0,0:00:00,0,0,#DIV/0!,#DIV/0!,,,
宮崎あや,1,1,0,1995/6/20,30,,,,1,,0,0:00:00,0,0,#DIV/0!,#DIV/0!,,,
宮沢ちはる,1,1,0,1996/5/12,30,,,,1,,0,0:00:00,0,0,#DIV/0!,#DIV/0!,,,
宫泽ちはる,1,1,0,1996/5/12,30,,,,1,,0,0:00:00,0,0,#DIV/0!,#DIV/0!,,,
南菜々,1,1,0,1996/3/29,30,,,,1,,0,0:00:00,0,0,#DIV/0!,#DIV/0!,,,
河北春菜,1,1,0,1996/2/20,30,,,,1,,0,0:00:00,0,0,#DIV/0!,#DIV/0!,,,
天音恋愛,1,1,0,1996/2/9,30,,,,1,,0,0:00:00,0,0,#DIV/0!,#DIV/0!,,,
神楽アイネ,1,1,0,1995/12/21,30,,,神乐爱音,1,,0,0:00:00,0,0,#DIV/0!,#DIV/0!,,,
咲坂花恋,1,1,0,1996/2/3,30,,,,1,,0,0:00:00,0,0,#DIV/0!,#DIV/0!,,,
宫崎リン,1,1,0,1997/7/10,28,,,,1,,0,0:00:00,0,0,#DIV/0!,#DIV/0!,,,
空海,1,1,0,1997/5/16,29,,,,1,,0,0:00:00,0,0,#DIV/0!,#DIV/0!,,,
成沢きさき,1,1,0,1997/3/25,29,,,,1,,0,0:00:00,0,0,#DIV/0!,#DIV/0!,,,
七菜原ココ,1,1,0,1997/3/15,29,,,,1,,0,0:00:00,0,0,#DIV/0!,#DIV/0!,,,
持田栞里,1,1,0,1997/3/2,29,,,,1,,0,0:00:00,0,0,#DIV/0!,#DIV/0!,,,
椎木くるみ,1,1,0,1996/12/1,29,,,,1,,0,0:00:00,0,0,#DIV/0!,#DIV/0!,,,
神宮寺ナオ,1,1,0,1997/2/15,29,,,,1,,0,0:00:00,0,0,#DIV/0!,#DIV/0!,,,
桃香りり,1,1,0,1998/9/20,27,,,,1,,0,0:00:00,0,0,#DIV/0!,#DIV/0!,,,
涼美ほのか,1,1,0,1998/9/13,27,,,,1,,0,0:00:00,0,0,#DIV/0!,#DIV/0!,,,
木下彩芽,1,1,0,1998/7/13,27,,,,1,,0,0:00:00,0,0,#DIV/0!,#DIV/0!,,,
桃尻かのん,1,1,0,1998/7/7,27,,,桃尻华音,1,,0,0:00:00,0,0,#DIV/0!,#DIV/0!,,,
河奈亜依,1,1,0,1998/3/18,28,,,,1,,0,0:00:00,0,0,#DIV/0!,#DIV/0!,,,
有坂深雪,1,1,0,1998/1/7,28,,,,1,,0,0:00:00,0,0,#DIV/0!,#DIV/0!,,,
紫ちひろ,1,1,0,1998/1/1,28,退役,,,1,,0,0:00:00,0,0,#DIV/0!,#DIV/0!,,,
朱音,1,1,0,1998/1/1,28,,无来源,,1,,0,0:00:00,0,0,#DIV/0!,#DIV/0!,,,
珠莉,1,1,0,1998/1/1,28,,,,1,,0,0:00:00,0,0,#DIV/0!,#DIV/0!,,,
真咲姫,1,1,0,1998/1/1,28,退役,,,1,,0,0:00:00,0,0,#DIV/0!,#DIV/0!,,,
遠山美樹,1,1,0,1998/1/1,28,退役,,,1,,0,0:00:00,0,0,#DIV/0!,#DIV/0!,,,
有咲いちか,1,1,0,1998/1/1,28,,,,1,,0,0:00:00,0,0,#DIV/0!,#DIV/0!,,,
中丸未来,1,1,0,1998/3/30,28,,,,1,,0,0:00:00,0,0,#DIV/0!,#DIV/0!,,,
永野楓果,1,1,0,1998/1/1,28,,,,1,,0,0:00:00,0,0,#DIV/0!,#DIV/0!,,,
要ゆの,1,1,0,1998/1/1,28,,,,1,,0,0:00:00,0,0,#DIV/0!,#DIV/0!,,,
岩弘麻里,1,1,0,1998/1/1,28,,,,1,,0,0:00:00,0,0,#DIV/0!,#DIV/0!,,,
早坂ふみ奈,1,1,0,1998/1/1,28,退役,,,1,,0,0:00:00,0,0,#DIV/0!,#DIV/0!,,,
新澤いずな,1,1,0,1998/1/1,28,,,,1,,0,0:00:00,0,0,#DIV/0!,#DIV/0!,,,
小松るい,1,1,0,1998/1/1,28,,,,1,,0,0:00:00,0,0,#DIV/0!,#DIV/0!,,,
咲月優衣香,1,1,0,1998/1/1,28,,,无结果,1,,0,0:00:00,0,0,#DIV/0!,#DIV/0!,,,
天音うらん,1,1,0,1998/1/1,28,,,,1,,7261.47,2:01:01,1657115262,1.543308852,#DIV/0!,#DIV/0!,,,
香山亜依,1,1,0,1998/1/1,28,,,无结果,1,,0,0:00:00,0,0,#DIV/0!,#DIV/0!,,,
天野玲,1,1,0,1998/1/1,28,,,,1,,0,0:00:00,0,0,#DIV/0!,#DIV/0!,,,
水咲理沙,1,1,0,1998/1/1,28,,,,1,,0,0:00:00,0,0,#DIV/0!,#DIV/0!,,,
生田望美,1,1,0,1998/1/1,28,,,,1,,0,0:00:00,0,0,#DIV/0!,#DIV/0!,,,
森山杏菜,1,1,0,1998/1/1,28,退役,,,1,,0,0:00:00,0,0,#DIV/0!,#DIV/0!,,,
日田梨々花,1,1,0,1998/1/1,28,,无来源,,1,,0,0:00:00,0,0,#DIV/0!,#DIV/0!,,,
七瀬かれん,1,1,0,1998/1/1,28,,,,1,,0,0:00:00,0,0,#DIV/0!,#DIV/0!,,,
前多まこ,1,1,0,1998/1/1,28,,,,1,,0,0:00:00,0,0,#DIV/0!,#DIV/0!,,,
南真悠,1,1,0,1998/1/1,28,,,,1,,0,0:00:00,0,0,#DIV/0!,#DIV/0!,,,
安達メイ,1,1,0,1998/1/1,28,退役,,,1,,0,0:00:00,0,0,#DIV/0!,#DIV/0!,,,
美浦あや,1,1,0,1998/1/1,28,,无来源,,1,,7716.43,2:08:36,1554053364,1.44732498,#DIV/0!,#DIV/0!,,,
立花まりな,1,1,0,1998/1/1,28,,无来源,,1,,0,0:00:00,0,0,#DIV/0!,#DIV/0!,,,
瀬名小百合,1,1,0,1998/1/1,28,,无来源,,1,,0,0:00:00,0,0,#DIV/0!,#DIV/0!,,,
堀口美緒,1,1,0,1998/1/1,28,,无来源,,1,,0,0:00:00,0,0,#DIV/0!,#DIV/0!,,,
妃加璃,1,1,0,1998/1/1,28,退役,无来源,,1,,0,0:00:00,0,0,#DIV/0!,#DIV/0!,,,
渡森ちひろ,1,1,0,1998/1/1,28,,无来源,,1,,0,0:00:00,0,0,#DIV/0!,#DIV/0!,,,
長谷川さや香,1,1,0,1998/1/1,28,退役,,,1,,0,0:00:00,0,0,#DIV/0!,#DIV/0!,,,
彩風のん,1,1,0,1998/1/1,28,退役,无来源,,1,,0,0:00:00,0,0,#DIV/0!,#DIV/0!,,,
宝川莉子,1,1,0,1998/1/1,28,退役,,,1,,0,0:00:00,0,0,#DIV/0!,#DIV/0!,,,
浜崎真緒,6,5,1,1993/10/20,32,在役,,,1,,13556.99,3:45:57,1594763144,1.485238917,3:45:57,1.485238917,,,
富井美帆,1,1,0,1997/11/14,28,,,,1,,0,0:00:00,0,0,#DIV/0!,#DIV/0!,,,
星乃莉子,1,1,0,1999/4/20,27,,,,1,,0,0:00:00,0,0,#DIV/0!,#DIV/0!,,,
小野はるか,1,1,0,1999/9/1,26,,,,1,,0,0:00:00,0,0,#DIV/0!,#DIV/0!,,,
春木菜々水,1,1,0,1999/8/19,26,,,,1,,0,0:00:00,0,0,#DIV/0!,#DIV/0!,,,
平花,1,1,0,1999/8/7,26,,,,1,,0,0:00:00,0,0,#DIV/0!,#DIV/0!,,,
白鳥すわん,1,1,0,1999/6/30,26,,,,1,,0,0:00:00,0,0,#DIV/0!,#DIV/0!,,,
藍芽みずき,1,1,0,2000/6/28,25,,,蓝芽水月,1,,0,0:00:00,0,0,#DIV/0!,#DIV/0!,,,
佐知子,0,0,0,1999/11/30,26,,,,1,,0,0:00:00,0,0,#DIV/0!,#DIV/0!,,,
乃南ゆい,1,1,0,2000/8/12,25,,无来源,,1,,0,0:00:00,0,0,#DIV/0!,#DIV/0!,,,
今井夏帆,1,1,0,2000/8/2,25,,,蓝川美夏,1,,0,0:00:00,0,0,#DIV/0!,#DIV/0!,,,
綾瀬ひまり,2,1,1,1998/1/1,28,,,,1,,13144.31,3:39:04,3094601107,2.88207187,3:39:04,2.88207187,,,
赤城穂波,2,1,1,1994/5/20,31,,,,1,,7247.45,2:00:47,1607112358,1.496740019,2:00:47,1.496740019,,,
弘前綾香,1,0,1,1997/8/26,28,,,,1,,7247.45,2:00:47,1607112358,1.496740019,2:00:47,1.496740019,,,
愛月セリア,1,0,1,1997/7/4,28,,,,1,,7247.45,2:00:47,1607112358,1.496740019,2:00:47,1.496740019,,,
小春,1,0,1,1998/1/1,28,,,,1,,7247.45,2:00:47,1607112358,1.496740019,2:00:47,1.496740019,,,
山口香澄,1,0,1,1998/1/1,28,,,,1,,7247.45,2:00:47,1607112358,1.496740019,2:00:47,1.496740019,,,
篠田ゆう,4,1,3,1991/7/21,34,,,,1,,19445.24,5:24:05,2291544406,2.134167036,1:48:02,0.711389012,,,
花井ゆり,1,0,1,1971/7/11,54,,,花井由理,1,,8886.9,2:28:07,2238329015,2.084606341,2:28:07,2.084606341,,,
川上奈々美,1,0,1,1992/10/14,33,,,川上奈奈美,1,,8907.91,2:28:28,1047657284,0.975706879,2:28:28,0.975706879,,,
北川礼子,3,1,2,1974/7/18,51,退役,,姫川礼子,1,,7693.02,2:08:13,1550429505,1.443949998,1:04:07,0.721974999,,,
かなで自由,1,0,1,1994/2/14,32,,,,1,,8512.37,2:21:52,1001439286,0.932663014,2:21:52,0.932663014,,,
渚みつき,1,0,1,1999/2/7,27,,,渚光希,1,,7139.52,1:59:00,1441391476,1.34240042,1:59:00,1.34240042,,,
白石茉莉奈,3,0,3,1986/8/10,39,,,,1,,32332.78,8:58:53,6723486964,6.26173519,2:59:38,2.087245063,,,
吉澤友貴,1,0,1,1992/5/6,34,,,,1,,7823.11,2:10:23,1476873614,1.375445737,2:10:23,1.375445737,,,
佐々木ひなこ,2,1,1,1998/1/1,28,,,,1,,14244.99,3:57:25,2368678165,2.206003447,3:57:25,2.206003447,,,
世羅百合花,1,0,1,1958/1/27,68,,,,1,,8282.43,2:18:02,1665324845,1.550954622,2:18:02,1.550954622,,,
結城綾音,1,0,1,1975/11/16,50,,,,1,,8282.43,2:18:02,1665324845,1.550954622,2:18:02,1.550954622,,,
川崎紀里恵,1,0,1,1983/11/12,42,,,,1,,8282.43,2:18:02,1665324845,1.550954622,2:18:02,1.550954622,,,
佐野優佳,1,0,1,1995/3/4,31,退役,,,1,,8282.43,2:18:02,1665324845,1.550954622,2:18:02,1.550954622,,,
月野ゆりあ,1,0,1,1997/5/5,29,,,月野优莉亚,1,,8282.43,2:18:02,1665324845,1.550954622,2:18:02,1.550954622,,,
大谷しおり,1,0,1,1998/1/1,28,,,,1,,8282.43,2:18:02,1665324845,1.550954622,2:18:02,1.550954622,,,
平井栞奈,6,4,2,1986/6/30,39,,,,1,,15688.84,4:21:29,2768165748,2.578055251,2:10:44,1.289027626,,,
水上由紀恵,3,1,2,1968/11/30,57,,,,1,,15540.04,4:19:00,2336669951,2.176193475,2:09:30,1.088096737,,,
近藤郁,2,0,2,1965/1/1,61,,,,1,,15312.88,4:15:13,1800763777,1.677091957,2:07:36,0.838545979,,,
城咲京花,1,0,1,1990/3/26,36,,,,1,,8360.39,2:19:20,984038837,0.916457583,2:19:20,0.916457583,,,
ましろ杏,2,0,2,1990/1/23,36,,,真城杏,1,,16248.82,4:30:49,3122245282,2.907817515,2:15:24,1.453908757,,,
艶堂しほり,2,0,2,1972/11/28,53,,,艳堂诗织,1,,16466.71,4:34:27,2498959790,2.327337665,2:17:13,1.163668833,,,
姬川礼子,1,0,1,1974/7/18,51,,,,1,,10528.53,2:55:29,2118157948,1.972688314,2:55:29,1.972688314,,,
天野るみ,2,0,2,1974/6/30,51,,,天野瑠美,1,,15883.04,4:24:43,1866520766,1.738332925,2:12:22,0.869166463,,,
麻里梨夏,1,0,1,1993/6/9,32,,,,1,,4700.1,1:18:20,557830399,0.519520043,1:18:20,0.519520043,,,
永瀬みなも,2,0,2,1998/2/12,28,,,永濑未萌,1,,8709.72,2:25:10,1026611402,0.956106374,1:12:35,0.478053187,,,
古川ほのか,1,0,1,2001/8/10,24,,,,1,,7045.19,1:57:25,837190904,0.779694788,1:57:25,0.779694788,,,
星名千聖,1,0,1,1998/1/1,28,,,无结果,1,,5941.37,1:39:01,1192467622,1.110572016,1:39:01,1.110572016,,,
黒川すみれ,2,1,1,1991/4/25,35,,,,1,,8636.62,2:23:57,1624947046,1.513349866,2:23:57,1.513349866,,,
水川スミレ,1,0,1,1995/2/3,31,,,,1,,0,0:00:00,0,0,0:00:00,0,,,
小花のん,1,0,1,2001/6/28,24,,,,1,,0,0:00:00,0,0,0:00:00,0,,,
浅井心晴,2,1,1,1998/12/17,27,,,,1,,14012.53,3:53:33,2621957560,2.441888265,3:53:33,2.441888265,,,
美ノ嶋めぐり,1,0,1,2001/12/8,24,,,美之岛惠理,1,,12290.99,3:24:51,1444364290,1.345169069,3:24:51,1.345169069,,,
凉森れむ,2,1,1,1997/12/3,28,,,凉森玲梦,1,,18026.22,5:00:26,2118306249,1.97282643,5:00:26,1.97282643,,,
椎名ゆな,4,2,2,1986/11/18,39,,,,1,,35282.41,9:48:02,7699285672,7.170518555,4:54:01,3.585259277,,,
木下凛々子,3,1,2,1985/10/4,40,,,,1,,20945.05,5:49:05,4659902096,4.339872018,2:54:33,2.169936009,,,
一乃あおい,2,0,2,,126,,,,1,,20945.05,5:49:05,4659902096,4.339872018,2:54:33,2.169936009,,,
一乃あおい ,2,0,2,1989/9/16,36,,,,1,,20945.05,5:49:05,4659902096,4.339872018,2:54:33,2.169936009,,,
武田真,1,0,1,1998/1/1,28,,,,1,,8414.71,2:20:15,992499512,0.924337201,2:20:15,0.924337201,,,
並木塔子,2,1,1,1981/2/4,45,,,,1,,14932.55,4:08:53,2930877297,2.72959219,4:08:53,2.72959219,,,
赤瀬尚子,1,0,1,1990/3/15,36,,,,1,,7693.02,2:08:13,1550429505,1.443949998,2:08:13,1.443949998,,,
二宮和香,1,0,1,1991/4/19,35,,,,1,,7693.02,2:08:13,1550429505,1.443949998,2:08:13,1.443949998,,,
古田優子,1,0,1,1998/1/1,28,,,,1,,7693.02,2:08:13,1550429505,1.443949998,2:08:13,1.443949998,,,
神納花,6,5,1,1987/11/13,38,,,,1,,28526.05,7:55:26,4724439371,4.399977039,7:55:26,4.399977039,,,
しおかわ雲丹,1,0,1,1993/8/2,32,,,汐川云丹,1,,7689.27,2:08:09,1545877146,1.439710284,2:08:09,1.439710284,,,
通野未帆,1,0,1,,126,,,,1,,8841.37,2:27:21,1038418133,0.967102249,2:27:21,0.967102249,,,
木村穂乃香,1,0,1,,126,,,,1,,8841.37,2:27:21,1038418133,0.967102249,2:27:21,0.967102249,,,
日立ひとみ,1,0,1,1974/10/25,51,,无来源,,1,,9021.09,2:30:21,1060496357,0.987664198,2:30:21,0.987664198,,,
小日向こゆき,1,0,1,1975/1/20,51,,,无结果,1,,9021.09,2:30:21,1060496357,0.987664198,2:30:21,0.987664198,,,
水卜麻衣奈,2,1,1,1998/8/26,27,,,,1,,15258.94,4:14:19,2290640335,2.133325054,4:14:19,2.133325054,,,
彩葉みおり,2,1,1,1979/7/17,46,,,,1,,15495.76,4:18:16,3061405312,2.851155877,4:18:16,2.851155877,,,
城山若菜,1,0,1,1993/4/12,33,,,,1,,7848.9,2:10:49,1421128389,1.32352895,2:10:49,1.32352895,,,
桜梨乃,1,0,1,1995/8/31,30,,,,1,,7848.9,2:10:49,1421128389,1.32352895,2:10:49,1.32352895,,,
相澤ゆりな,1,0,1,1995/6/11,30,,,,1,,7848.9,2:10:49,1421128389,1.32352895,2:10:49,1.32352895,,,
浅倉真凛,1,0,1,1998/1/1,28,,,,1,,7848.9,2:10:49,1421128389,1.32352895,2:10:49,1.32352895,,,
夏原唯,1,0,1,1999/5/2,27,,,,1,,7848.9,2:10:49,1421128389,1.32352895,2:10:49,1.32352895,,,
桐嶋あみな,1,0,1,2000/1/23,26,,,,1,,7848.9,2:10:49,1421128389,1.32352895,2:10:49,1.32352895,,,
桜井麻乃,0,0,0,1977/3/20,49,退役,,,1,,0,0:00:00,0,0,#DIV/0!,#DIV/0!,,,
結城みさ,1,1,0,1979/10/1,46,退役,,,1,,0,0:00:00,0,0,#DIV/0!,#DIV/0!,,,
AKARI,0,0,0,1985/1/14,41,退役,无来源,青木,1,,0,0:00:00,0,0,#DIV/0!,#DIV/0!,,,
神崎レオナ,0,0,0,1985/1/10,41,退役,,,1,,0,0:00:00,0,0,#DIV/0!,#DIV/0!,,,
白鳥みなみ,0,0,0,1988/4/1,38,,,白鸟南,1,,0,0:00:00,0,0,#DIV/0!,#DIV/0!,,,
苏语棠,0,0,0,1989/8/18,36,,,,1,,0,0:00:00,0,0,#DIV/0!,#DIV/0!,,,
吉永恵美,0,0,0,1989/11/16,36,,,,1,,0,0:00:00,0,0,#DIV/0!,#DIV/0!,,,
槇原愛菜,0,0,0,1992/4/8,34,,,,1,,0,0:00:00,0,0,#DIV/0!,#DIV/0!,,,
雪千夏,0,0,0,1993/1/5,33,,,,1,,0,0:00:00,0,0,#DIV/0!,#DIV/0!,,,
星奈爱,0,0,0,1995/10/29,30,,,星奈あい,1,,0,0:00:00,0,0,#DIV/0!,#DIV/0!,,,
岡本冬美,0,0,0,1998/1/1,28,,,,1,,0,0:00:00,0,0,#DIV/0!,#DIV/0!,,,
大塚みく,0,0,0,1998/1/1,28,退役,无来源,,1,,0,0:00:00,0,0,#DIV/0!,#DIV/0!,,,
愛純彩,0,0,0,1998/1/1,28,退役,无来源,,1,,0,0:00:00,0,0,#DIV/0!,#DIV/0!,,,
藤原花凛,0,0,0,1999/2/1,27,,无来源,,1,,0,0:00:00,0,0,#DIV/0!,#DIV/0!,,,
蜜美杏,0,0,0,2000/11/15,25,,,,1,,0,0:00:00,0,0,#DIV/0!,#DIV/0!,,,
梓ヒカリ,0,,0,1999/11/30,26,,,,,,0,0:00:00,0,0,#DIV/0!,#DIV/0!,,,
,,,,,,,,,,,,,,,,,,,
,,,,,,,,,,,,,,,,,,,
,,,,,,,,,,,,,,,,,,,
,,,,,,,,,,,,,,,,,,,
,,,,,,,,,,,,,,,,,,,
,,,,,,,,,,,,,,,,,,,
,,,,,,,,,,,,,,,,,,,
,,,,,,,,,,,,,,,,,,,
,,,,,,,,,,,,,,,,,,,
,,,,,,,,,,,,,,,,,,,
,,,,,,,,,,,,,,,,,,,
,,,,,,,,,,,,,,,,,,,
,,,,,,,,,,,,,,,,,,,
,,,,,,,,,,,,,,,,,,,
,,,,,,,,,,,,,,,,,,,
,,,,,,,,,,,,,,,,,,,
,,,,,,,,,,,,,,,,,,,
,,,,,,,,,,,,,,,,,,,
,,,,,,,,,,,,,,,,,,,
,,,,,,,,,,,,,,,,,,,
,,,,,,,,,,,,,,,,,,,
,,,,,,,,,,,,,,,,,,,
,,,,,,,,,,,,,,,,,,,
,,,,,,,,,,,,,,,,,,,
,,,,,,,,,,,,,,,,,,,
,,,,,,,,,,,,,,,,,,,
,,,,,,,,,,,,,,,,,,,
,,,,,,,,,,,,,,,,,,,
,,,,,,,,,,,,,,,,,,,
,,,,,,,,,,,,,,,,,,,
,,,,,,,,,,,,,,,,,,,
,,,,,,,,,,,,,,,,,,,
,,,,,,,,,,,,,,,,,,,
,,,,,,,,,,,,,,,,,,,
,,,,,,,,,,,,,,,,,,,
,,,,,,,,,,,,,,,,,,,
,,,,,,,,,,,,,,,,,,,
,,,,,,,,,,,,,,,,,,,
,,,,,,,,,,,,,,,,,,,
,,,,,,,,,,,,,,,,,,,
,,,,,,,,,,,,,,,,,,,
,,,,,,,,,,,,,,,,,,,
,,,,,,,,,,,,,,,,,,,
,,,,,,,,,,,,,,,,,,,
,,,,,,,,,,,,,,,,,,,
,,,,,,,,,,,,,,,,,,,
,,,,,,,,,,,,,,,,,,,
,,,,,,,,,,,,,,,,,,,
葉月桃,1,1,0,,,,,,,,,,,,,,,,